Well,Reservoir,Date,"K, mD","h, ft","Depth_avg, ft","P, psi","Pwf, psi"
BCS0006,M06,42095,3.206,189.3,9932,3070.6,2998
BCS0006,M06,42125,3.206,189.3,9932,3067.9,2998
BCS0006,M06,42156,3.206,189.3,9932,3065,2998
BCS0006,M06,42186,3.206,189.3,9932,3062.3,2998
BCS0006,M06,42217,3.206,189.3,9932,3059.4,2998
BCS0006,M06,42248,3.206,189.3,9932,3056.6,2998
BCS0006,M06,42278,3.206,189.3,9932,3053.8,2998
BCS0006,M06,42309,3.206,189.3,9932,3051,2998
BCS0006,M06,42339,3.206,189.3,9932,3048.3,2998
BCS0006,M06,42370,3.206,189.3,9932,3045.4,2998
BCS0006,M06,42401,3.206,189.3,9932,3042.6,2998
BCS0006,M06,42430,3.206,189.3,9932,3040,2998
BCS0006,M06,42461,3.206,189.3,9932,3037.2,2998
BCS0006,M06,42491,3.206,189.3,9932,3034.4,2998
BCS0006,M06,42522,3.206,189.3,9932,3031.6,2998
BCS0006,M06,42552,3.206,189.3,9932,3028.9,2998
BCS0006,M06,42583,3.206,189.3,9932,3026.1,2998
BCS0006,M06,42614,3.206,189.3,9932,3023.3,2998
BCS0006,M06,42644,3.206,189.3,9932,3020.6,2998
BCS0006,M06,42675,3.206,189.3,9932,3017.8,2998
BCS0006,M06,42705,3.206,189.3,9932,3015.1,2998
BCS0006,M06,42736,3.206,189.3,9932,3012.3,2980
BCS0006,M06,42767,3.206,189.3,9932,3009.5,2980
BCS0006,M06,42795,3.206,189.3,9932,3006.9,2980
BCS0006,M06,42826,3.206,189.3,9932,3004.2,2980
BCS0006,M06,42856,3.206,189.3,9932,3001.5,2980
BCS0006,M06,42887,3.206,189.3,9932,2998.7,2980
BCS0006,M06,42917,3.206,189.3,9932,2996,2980
BCS0006,M06,42948,3.206,189.3,9932,2993.2,2980
BCS0006,M06,42979,3.206,189.3,9932,2990.4,2965
BCS0006,M06,43009,3.206,189.3,9932,2987.7,2965
BCS0006,M06,43040,3.206,189.3,9932,2985,2965
BCS0006,M06,43070,3.206,189.3,9932,2982.3,2965
BCS0006,M06,43101,3.206,189.3,9932,2979.5,2965
BCS0006,M06,43132,3.206,189.3,9932,2976.8,2965
BCS0006,M06,43160,3.206,189.3,9932,2974.3,2950
BCS0006,M06,43191,3.206,189.3,9932,2971.5,2950
BCS0006,M06,43221,3.206,189.3,9932,2968.8,2950
BCS0006,M06,43252,3.206,189.3,9932,2966.1,2950
BCS0006,M06,43282,3.206,189.3,9932,2963.4,2935
BCS0006,M06,43313,3.206,189.3,9932,2960.7,2935
BCS0006,M06,43344,3.206,189.3,9932,2957.9,2935
BCS0006,M06,43374,3.206,189.3,9932,2955.3,2935
BCS0006,M06,43405,3.206,189.3,9932,2952.5,2935
BCS0006,M06,43435,3.206,189.3,9932,2949.9,2935
BCS0006,M06,43466,3.206,189.3,9932,2947.2,2920
BCS0006,M06,43497,3.206,189.3,9932,2944.4,2920
BCS0006,M06,43525,3.206,189.3,9932,2942,2920
BCS0006,M06,43556,3.206,189.3,9932,2939.2,2920
BCS0006,M06,43586,3.206,189.3,9932,2936.6,2920
BCS0006,M06,43617,3.206,189.3,9932,2933.9,2920
BCS0006,M06,43647,3.206,189.3,9932,2931.2,2905
BCS0006,M06,43678,3.206,189.3,9932,2928.5,2905
BCS0006,M06,43709,3.206,189.3,9932,2925.8,2905
BCS0006,M06,43739,3.206,189.3,9932,2923.2,2905
BCS0006,M06,43770,3.206,189.3,9932,2920.5,2905
BCS0006,M06,43800,3.206,189.3,9932,2917.8,2885
BCS0006,M06,43831,3.206,189.3,9932,2915.1,2885
BCS0006,M06,43862,3.206,189.3,9932,2912.4,2885
BCS0006,M06,43891,3.206,189.3,9932,2909.9,2885
BCS0007A,M06,42095,1.21,106.5,10682,3070.6,3011
BCS0007A,M06,42125,1.21,106.5,10682,3067.9,3011
BCS0007A,M06,42156,1.21,106.5,10682,3065,3011
BCS0007A,M06,42186,1.21,106.5,10682,3062.3,3011
BCS0007A,M06,42217,1.21,106.5,10682,3059.4,3011
BCS0007A,M06,42248,1.21,106.5,10682,3056.6,3011
BCS0007A,M06,42278,1.21,106.5,10682,3053.8,3011
BCS0007A,M06,42309,1.21,106.5,10682,3051,3011
BCS0007A,M06,42339,1.21,106.5,10682,3048.3,3011
BCS0007A,M06,42370,1.21,106.5,10682,3045.4,3011
BCS0007A,M06,42401,1.21,106.5,10682,3042.6,3011
BCS0007A,M06,42430,1.21,106.5,10682,3040,3011
BCS0007A,M06,42461,1.21,106.5,10682,3037.2,3011
BCS0007A,M06,42491,1.21,106.5,10682,3034.4,3011
BCS0007A,M06,42522,1.21,106.5,10682,3031.6,3011
BCS0007A,M06,42552,1.21,106.5,10682,3028.9,3011
BCS0007A,M06,42583,1.21,106.5,10682,3026.1,3011
BCS0007A,M06,42614,1.21,106.5,10682,3023.3,3011
BCS0007A,M06,42644,1.21,106.5,10682,3020.6,3000
BCS0007A,M06,42675,1.21,106.5,10682,3017.8,3000
BCS0007A,M06,42705,1.21,106.5,10682,3015.1,3000
BCS0007A,M06,42736,1.21,106.5,10682,3012.3,3000
BCS0007A,M06,42767,1.21,106.5,10682,3009.5,3000
BCS0007A,M06,42795,1.21,106.5,10682,3006.9,2990
BCS0007A,M06,42826,1.21,106.5,10682,3004.2,2990
BCS0007A,M06,42856,1.21,106.5,10682,3001.5,2990
BCS0007A,M06,42887,1.21,106.5,10682,2998.7,2990
BCS0007A,M06,42917,1.21,106.5,10682,2996,2975
BCS0007A,M06,42948,1.21,106.5,10682,2993.2,2975
BCS0007A,M06,42979,1.21,106.5,10682,2990.4,2975
BCS0007A,M06,43009,1.21,106.5,10682,2987.7,2945
BCS0007A,M06,43040,1.21,106.5,10682,2985,2945
BCS0007A,M06,43070,1.21,106.5,10682,2982.3,2945
BCS0007A,M06,43101,1.21,106.5,10682,2979.5,2945
BCS0007A,M06,43132,1.21,106.5,10682,2976.8,2945
BCS0007A,M06,43160,1.21,106.5,10682,2974.3,2945
BCS0007A,M06,43191,1.21,106.5,10682,2971.5,2945
BCS0007A,M06,43221,1.21,106.5,10682,2968.8,2935
BCS0007A,M06,43252,1.21,106.5,10682,2966.1,2935
BCS0007A,M06,43282,1.21,106.5,10682,2963.4,2935
BCS0007A,M06,43313,1.21,106.5,10682,2960.7,2925
BCS0007A,M06,43344,1.21,106.5,10682,2957.9,2925
BCS0007A,M06,43374,1.21,106.5,10682,2955.3,2925
BCS0007A,M06,43405,1.21,106.5,10682,2952.5,2925
BCS0007A,M06,43435,1.21,106.5,10682,2949.9,2925
BCS0007A,M06,43466,1.21,106.5,10682,2947.2,2910
BCS0007A,M06,43497,1.21,106.5,10682,2944.4,2910
BCS0007A,M06,43525,1.21,106.5,10682,2942,2910
BCS0007A,M06,43556,1.21,106.5,10682,2939.2,2910
BCS0007A,M06,43586,1.21,106.5,10682,2936.6,2910
BCS0007A,M06,43617,1.21,106.5,10682,2933.9,2899
BCS0007A,M06,43647,1.21,106.5,10682,2931.2,2899
BCS0007A,M06,43678,1.21,106.5,10682,2928.5,2899
BCS0007A,M06,43709,1.21,106.5,10682,2925.8,2899
BCS0007A,M06,43739,1.21,106.5,10682,2923.2,2899
BCS0007A,M06,43770,1.21,106.5,10682,2920.5,2899
BCS0007A,M06,43800,1.21,106.5,10682,2917.8,2880
BCS0007A,M06,43831,1.21,106.5,10682,2915.1,2880
BCS0007A,M06,43862,1.21,106.5,10682,2912.4,2880
BCS0007A,M06,43891,1.21,106.5,10682,2909.9,2880
BCS0018,M18,42095,8.335,306.6,8808,2970.210475,2945
BCS0018,M18,42125,8.335,306.6,8808,2968.862953,2945
BCS0018,M18,42156,8.335,306.6,8808,2967.474714,2945
BCS0018,M18,42186,8.335,306.6,8808,2966.135322,2945
BCS0018,M18,42217,8.335,306.6,8808,2964.755483,2945
BCS0018,M18,42248,8.335,306.6,8808,2963.379912,2945
BCS0018,M18,42278,8.335,306.6,8808,2962.05278,2945
BCS0018,M18,42309,8.335,306.6,8808,2960.685609,2945
BCS0018,M18,42339,8.335,306.6,8808,2959.366606,2945
BCS0018,M18,42370,8.335,306.6,8808,2958.007835,2945
BCS0018,M18,42401,8.335,306.6,8808,2956.653333,2945
BCS0018,M18,42430,8.335,306.6,8808,2955.390083,2945
BCS0018,M18,42461,8.335,306.6,8808,2954.043843,2925
BCS0018,M18,42491,8.335,306.6,8808,2952.745095,2925
BCS0018,M18,42522,8.335,306.6,8808,2951.407255,2925
BCS0018,M18,42552,8.335,306.6,8808,2950.116636,2925
BCS0018,M18,42583,8.335,306.6,8808,2948.787195,2925
BCS0018,M18,42614,8.335,306.6,8808,2947.462024,2925
BCS0018,M18,42644,8.335,306.6,8808,2946.183665,2925
BCS0018,M18,42675,8.335,306.6,8808,2944.866893,2925
BCS0018,M18,42705,8.335,306.6,8808,2943.596663,2925
BCS0018,M18,42736,8.335,306.6,8808,2942.288291,2925
BCS0018,M18,42767,8.335,306.6,8808,2940.984188,2925
BCS0018,M18,42795,8.335,306.6,8808,2939.809958,2925
BCS0018,M18,42826,8.335,306.6,8808,2938.513979,2910
BCS0018,M18,42856,8.335,306.6,8808,2937.263871,2910
BCS0018,M18,42887,8.335,306.6,8808,2935.976292,2910
BCS0018,M18,42917,8.335,306.6,8808,2934.734312,2910
BCS0018,M18,42948,8.335,306.6,8808,2933.455134,2910
BCS0018,M18,42979,8.335,306.6,8808,2932.180223,2910
BCS0018,M18,43009,8.335,306.6,8808,2930.950504,2910
BCS0018,M18,43040,8.335,306.6,8808,2929.683994,2910
BCS0018,M18,43070,8.335,306.6,8808,2928.462403,2895
BCS0018,M18,43101,8.335,306.6,8808,2927.204292,2895
BCS0018,M18,43132,8.335,306.6,8808,2925.950451,2895
BCS0018,M18,43160,8.335,306.6,8808,2924.821618,2895
BCS0018,M18,43191,8.335,306.6,8808,2923.5759,2895
BCS0018,M18,43221,8.335,306.6,8808,2922.374432,2895
BCS0018,M18,43252,8.335,306.6,8808,2921.137114,2895
BCS0018,M18,43282,8.335,306.6,8808,2919.943775,2885
BCS0018,M18,43313,8.335,306.6,8808,2918.714857,2885
BCS0018,M18,43344,8.335,306.6,8808,2917.490208,2885
BCS0018,M18,43374,8.335,306.6,8808,2916.309129,2885
BCS0018,M18,43405,8.335,306.6,8808,2915.09288,2885
BCS0018,M18,43435,8.335,306.6,8808,2913.919929,2885
BCS0018,M18,43466,8.335,306.6,8808,2912.712079,2885
BCS0018,M18,43497,8.335,306.6,8808,2911.508499,2885
BCS0018,M18,43525,8.335,306.6,8808,2910.425063,2870
BCS0018,M18,43556,8.335,306.6,8808,2909.229607,2870
BCS0018,M18,43586,8.335,306.6,8808,2908.076779,2870
BCS0018,M18,43617,8.335,306.6,8808,2906.889722,2870
BCS0018,M18,43647,8.335,306.6,8808,2905.745023,2870
BCS0018,M18,43678,8.335,306.6,8808,2904.566366,2870
BCS0018,M18,43709,8.335,306.6,8808,2903.391979,2870
BCS0018,M18,43739,8.335,306.6,8808,2902.259539,2850
BCS0018,M18,43770,8.335,306.6,8808,2901.093551,2850
BCS0018,M18,43800,8.335,306.6,8808,2899.96924,2850
BCS0018,M18,43831,8.335,306.6,8808,2898.811652,2850
BCS0018,M18,43862,8.335,306.6,8808,2897.658333,2850
BCS0018,M18,43891,8.335,306.6,8808,2896.583286,2850
BCS0023,P21,42095,1.244,65,8241,1601.806677,1175
BCS0023,P21,42125,1.244,65,8241,1601.133195,1175
BCS0023,P21,42156,1.244,65,8241,1600.502328,1175
BCS0023,P21,42186,1.244,65,8241,1599.872018,1175
BCS0023,P21,42217,1.244,65,8241,1599.263648,1175
BCS0023,P21,42248,1.244,65,8241,1598.695792,1175
BCS0023,P21,42278,1.244,65,8241,1598.130593,1175
BCS0023,P21,42309,1.244,65,8241,1597.604515,1175
BCS0023,P21,42339,1.244,65,8241,1597.082488,1175
BCS0023,P21,42370,1.244,65,8241,1596.5824,1175
BCS0023,P21,42401,1.244,65,8241,1596.134438,1175
BCS0023,P21,42430,1.244,65,8241,1595.676814,1175
BCS0023,P21,42461,1.244,65,8241,1595.254842,1175
BCS0023,P21,42491,1.244,65,8241,1594.840389,1175
BCS0023,P21,42522,1.244,65,8241,1594.460195,1175
BCS0023,P21,42552,1.244,65,8241,1594.088914,1175
BCS0023,P21,42583,1.244,65,8241,1593.739573,1175
BCS0023,P21,42614,1.244,65,8241,1593.42239,1175
BCS0023,P21,42644,1.244,65,8241,1593.116221,1175
BCS0023,P21,42675,1.244,65,8241,1592.840817,1175
BCS0023,P21,42705,1.244,65,8241,1592.577818,1175
BCS0023,P21,42736,1.244,65,8241,1592.33676,1175
BCS0023,P21,42767,1.244,65,8241,1592.137887,1175
BCS0023,P21,42795,1.244,65,8241,1591.938584,1175
BCS0023,P21,42826,1.244,65,8241,1591.7666,1175
BCS0023,P21,42856,1.244,65,8241,1591.610469,1175
BCS0023,P21,42887,1.244,65,8241,1591.480264,1175
BCS0023,P21,42917,1.244,65,8241,1591.367305,1175
BCS0023,P21,42948,1.244,65,8241,1591.276285,1175
BCS0023,P21,42979,1.244,65,8241,1591.209091,1175
BCS0023,P21,43009,1.244,65,8241,1591.161242,1175
BCS0023,P21,43040,1.244,65,8241,1591.135827,1175
BCS0023,P21,43070,1.244,65,8241,1591.13115,1175
BCS0023,P21,43101,1.244,65,8241,1591.148413,1175
BCS0023,P21,43132,1.244,65,8241,1591.182863,1175
BCS0023,P21,43160,1.244,65,8241,1591.241881,1175
BCS0023,P21,43191,1.244,65,8241,1591.319886,1175
BCS0023,P21,43221,1.244,65,8241,1591.422076,1175
BCS0023,P21,43252,1.244,65,8241,1591.54186,1175
BCS0023,P21,43282,1.244,65,8241,1591.687222,1175
BCS0023,P21,43313,1.244,65,8241,1591.854523,1175
BCS0023,P21,43344,1.244,65,8241,1592.037318,1175
BCS0023,P21,43374,1.244,65,8241,1592.247791,1175
BCS0023,P21,43405,1.244,65,8241,1592.472364,1175
BCS0023,P21,43435,1.244,65,8241,1592.726008,1175
BCS0023,P21,43466,1.244,65,8241,1593.001593,1175
BCS0023,P21,43497,1.244,65,8241,1593.269365,1175
BCS0023,P21,43525,1.244,65,8241,1593.586705,1175
BCS0023,P21,43556,1.244,65,8241,1593.914698,1175
BCS0023,P21,43586,1.244,65,8241,1594.27521,1175
BCS0023,P21,43617,1.244,65,8241,1594.644982,1175
BCS0023,P21,43647,1.244,65,8241,1595.048666,1175
BCS0023,P21,43678,1.244,65,8241,1595.474289,1175
BCS0023,P21,43709,1.244,65,8241,1595.907071,1175
BCS0023,P21,43739,1.244,65,8241,1596.375866,1175
BCS0023,P21,43770,1.244,65,8241,1596.850427,1175
BCS0023,P21,43800,1.244,65,8241,1597.362394,1175
BCS0023,P21,43831,1.244,65,8241,1597.896299,1175
BCS0023,P21,43862,1.244,65,8241,1598.415622,1175
BCS0023,P21,43891,1.244,65,8241,1598.991991,1175
BCS0023,P21,43922,1.244,65,8241,1599.570657,1175
BCS0023,M18,42095,0.676,194.5,9308,2970.210475,2595
BCS0023,M18,42125,0.676,194.5,9308,2968.862953,2595
BCS0023,M18,42156,0.676,194.5,9308,2967.474714,2595
BCS0023,M18,42186,0.676,194.5,9308,2966.135322,2595
BCS0023,M18,42217,0.676,194.5,9308,2964.755483,2595
BCS0023,M18,42248,0.676,194.5,9308,2963.379912,2595
BCS0023,M18,42278,0.676,194.5,9308,2962.05278,2595
BCS0023,M18,42309,0.676,194.5,9308,2960.685609,2595
BCS0023,M18,42339,0.676,194.5,9308,2959.366606,2595
BCS0023,M18,42370,0.676,194.5,9308,2958.007835,2595
BCS0023,M18,42401,0.676,194.5,9308,2956.653333,2595
BCS0023,M18,42430,0.676,194.5,9308,2955.390083,2595
BCS0023,M18,42461,0.676,194.5,9308,2954.043843,2595
BCS0023,M18,42491,0.676,194.5,9308,2952.745095,2595
BCS0023,M18,42522,0.676,194.5,9308,2951.407255,2595
BCS0023,M18,42552,0.676,194.5,9308,2950.116636,2595
BCS0023,M18,42583,0.676,194.5,9308,2948.787195,2595
BCS0023,M18,42614,0.676,194.5,9308,2947.462024,2595
BCS0023,M18,42644,0.676,194.5,9308,2946.183665,2595
BCS0023,M18,42675,0.676,194.5,9308,2944.866893,2595
BCS0023,M18,42705,0.676,194.5,9308,2943.596663,2595
BCS0023,M18,42736,0.676,194.5,9308,2942.288291,2595
BCS0023,M18,42767,0.676,194.5,9308,2940.984188,2595
BCS0023,M18,42795,0.676,194.5,9308,2939.809958,2595
BCS0023,M18,42826,0.676,194.5,9308,2938.513979,2595
BCS0023,M18,42856,0.676,194.5,9308,2937.263871,2595
BCS0023,M18,42887,0.676,194.5,9308,2935.976292,2595
BCS0023,M18,42917,0.676,194.5,9308,2934.734312,2595
BCS0023,M18,42948,0.676,194.5,9308,2933.455134,2595
BCS0023,M18,42979,0.676,194.5,9308,2932.180223,2595
BCS0023,M18,43009,0.676,194.5,9308,2930.950504,2595
BCS0023,M18,43040,0.676,194.5,9308,2929.683994,2595
BCS0023,M18,43070,0.676,194.5,9308,2928.462403,2595
BCS0023,M18,43101,0.676,194.5,9308,2927.204292,2595
BCS0023,M18,43132,0.676,194.5,9308,2925.950451,2595
BCS0023,M18,43160,0.676,194.5,9308,2924.821618,2595
BCS0023,M18,43191,0.676,194.5,9308,2923.5759,2595
BCS0023,M18,43221,0.676,194.5,9308,2922.374432,2595
BCS0023,M18,43252,0.676,194.5,9308,2921.137114,2595
BCS0023,M18,43282,0.676,194.5,9308,2919.943775,2595
BCS0023,M18,43313,0.676,194.5,9308,2918.714857,2595
BCS0023,M18,43344,0.676,194.5,9308,2917.490208,2595
BCS0023,M18,43374,0.676,194.5,9308,2916.309129,2595
BCS0023,M18,43405,0.676,194.5,9308,2915.09288,2595
BCS0023,M18,43435,0.676,194.5,9308,2913.919929,2595
BCS0023,M18,43466,0.676,194.5,9308,2912.712079,2595
BCS0023,M18,43497,0.676,194.5,9308,2911.508499,2595
BCS0023,M18,43525,0.676,194.5,9308,2910.425063,2595
BCS0023,M18,43556,0.676,194.5,9308,2909.229607,2595
BCS0023,M18,43586,0.676,194.5,9308,2908.076779,2595
BCS0023,M18,43617,0.676,194.5,9308,2906.889722,2595
BCS0023,M18,43647,0.676,194.5,9308,2905.745023,2595
BCS0023,M18,43678,0.676,194.5,9308,2904.566366,2595
BCS0023,M18,43709,0.676,194.5,9308,2903.391979,2595
BCS0023,M18,43739,0.676,194.5,9308,2902.259539,2595
BCS0023,M18,43770,0.676,194.5,9308,2901.093551,2595
BCS0023,M18,43800,0.676,194.5,9308,2899.96924,2595
BCS0023,M18,43831,0.676,194.5,9308,2898.811652,2595
BCS0023,M18,43862,0.676,194.5,9308,2897.658333,2595
BCS0023,M18,43891,0.676,194.5,9308,2896.583286,2595
BCS0026A,M18,42095,0.869,125.5,9284,2970.210475,1970
BCS0026A,M18,42125,0.869,125.5,9284,2968.862953,1970
BCS0026A,M18,42156,0.869,125.5,9284,2967.474714,1970
BCS0026A,M18,42186,0.869,125.5,9284,2966.135322,1970
BCS0026A,M18,42217,0.869,125.5,9284,2964.755483,1970
BCS0026A,M18,42248,0.869,125.5,9284,2963.379912,1970
BCS0026A,M18,42278,0.869,125.5,9284,2962.05278,1970
BCS0026A,M18,42309,0.869,125.5,9284,2960.685609,1970
BCS0026A,M18,42339,0.869,125.5,9284,2959.366606,1970
BCS0026A,M18,42370,0.869,125.5,9284,2958.007835,1970
BCS0026A,M18,42401,0.869,125.5,9284,2956.653333,1970
BCS0026A,M18,42430,0.869,125.5,9284,2955.390083,1970
BCS0026A,M18,42461,0.869,125.5,9284,2954.043843,1970
BCS0026A,M18,42491,0.869,125.5,9284,2952.745095,1970
BCS0026A,M18,42522,0.869,125.5,9284,2951.407255,1970
BCS0026A,M18,42552,0.869,125.5,9284,2950.116636,1970
BCS0026A,M18,42583,0.869,125.5,9284,2948.787195,1970
BCS0026A,M18,42614,0.869,125.5,9284,2947.462024,1970
BCS0026A,M18,42644,0.869,125.5,9284,2946.183665,1970
BCS0026A,M18,42675,0.869,125.5,9284,2944.866893,1970
BCS0026A,M18,42705,0.869,125.5,9284,2943.596663,1970
BCS0026A,M18,42736,0.869,125.5,9284,2942.288291,1970
BCS0026A,M18,42767,0.869,125.5,9284,2940.984188,1970
BCS0026A,M18,42795,0.869,125.5,9284,2939.809958,1970
BCS0026A,M18,42826,0.869,125.5,9284,2938.513979,1970
BCS0026A,M18,42856,0.869,125.5,9284,2937.263871,1970
BCS0026A,M18,42887,0.869,125.5,9284,2935.976292,1970
BCS0026A,M18,42917,0.869,125.5,9284,2934.734312,1970
BCS0026A,M18,42948,0.869,125.5,9284,2933.455134,1970
BCS0026A,M18,42979,0.869,125.5,9284,2932.180223,1970
BCS0026A,M18,43009,0.869,125.5,9284,2930.950504,1970
BCS0026A,M18,43040,0.869,125.5,9284,2929.683994,1970
BCS0026A,M18,43070,0.869,125.5,9284,2928.462403,1970
BCS0026A,M18,43101,0.869,125.5,9284,2927.204292,1970
BCS0026A,M18,43132,0.869,125.5,9284,2925.950451,1970
BCS0026A,M18,43160,0.869,125.5,9284,2924.821618,1970
BCS0026A,M18,43191,0.869,125.5,9284,2923.5759,1970
BCS0026A,M18,43221,0.869,125.5,9284,2922.374432,1970
BCS0026A,M18,43252,0.869,125.5,9284,2921.137114,1970
BCS0026A,M18,43282,0.869,125.5,9284,2919.943775,1970
BCS0026A,M18,43313,0.869,125.5,9284,2918.714857,1970
BCS0026A,M18,43344,0.869,125.5,9284,2917.490208,1970
BCS0026A,M18,43374,0.869,125.5,9284,2916.309129,1970
BCS0026A,M18,43405,0.869,125.5,9284,2915.09288,1970
BCS0026A,M18,43435,0.869,125.5,9284,2913.919929,1970
BCS0026A,M18,43466,0.869,125.5,9284,2912.712079,1970
BCS0026A,M18,43497,0.869,125.5,9284,2911.508499,1970
BCS0026A,M18,43525,0.869,125.5,9284,2910.425063,1970
BCS0026A,M18,43556,0.869,125.5,9284,2909.229607,1970
BCS0026A,M18,43586,0.869,125.5,9284,2908.076779,1970
BCS0026A,M18,43617,0.869,125.5,9284,2906.889722,1970
BCS0026A,M18,43647,0.869,125.5,9284,2905.745023,1970
BCS0026A,M18,43678,0.869,125.5,9284,2904.566366,1970
BCS0026A,M18,43709,0.869,125.5,9284,2903.391979,1970
BCS0026A,M18,43739,0.869,125.5,9284,2902.259539,1970
BCS0026A,M18,43770,0.869,125.5,9284,2901.093551,1970
BCS0026A,M18,43800,0.869,125.5,9284,2899.96924,1970
BCS0026A,M18,43831,0.869,125.5,9284,2898.811652,1970
BCS0026A,M18,43862,0.869,125.5,9284,2897.658333,1970
BCS0026A,M18,43891,0.869,125.5,9284,2896.583286,1970
BCS0028A,P21,42095,3.709,44.8,8204,1601.806677,1590
BCS0028A,P21,42125,3.709,44.8,8204,1601.133195,1590
BCS0028A,P21,42156,3.709,44.8,8204,1600.502328,1590
BCS0028A,P21,42186,3.709,44.8,8204,1599.872018,1590
BCS0028A,P21,42217,3.709,44.8,8204,1599.263648,1590
BCS0028A,P21,42248,3.709,44.8,8204,1598.695792,1590
BCS0028A,P21,42278,3.709,44.8,8204,1598.130593,1590
BCS0028A,P21,42309,3.709,44.8,8204,1597.604515,1580
BCS0028A,P21,42339,3.709,44.8,8204,1597.082488,1580
BCS0028A,P21,42370,3.709,44.8,8204,1596.5824,1580
BCS0028A,P21,42401,3.709,44.8,8204,1596.134438,1580
BCS0028A,P21,42430,3.709,44.8,8204,1595.676814,1580
BCS0028A,P21,42461,3.709,44.8,8204,1595.254842,1580
BCS0028A,P21,42491,3.709,44.8,8204,1594.840389,1580
BCS0028A,P21,42522,3.709,44.8,8204,1594.460195,1580
BCS0028A,P21,42552,3.709,44.8,8204,1594.088914,1580
BCS0028A,P21,42583,3.709,44.8,8204,1593.739573,1580
BCS0028A,P21,42614,3.709,44.8,8204,1593.42239,1580
BCS0028A,P21,42644,3.709,44.8,8204,1593.116221,1580
BCS0028A,P21,42675,3.709,44.8,8204,1592.840817,1580
BCS0028A,P21,42705,3.709,44.8,8204,1592.577818,1580
BCS0028A,P21,42736,3.709,44.8,8204,1592.33676,1580
BCS0028A,P21,42767,3.709,44.8,8204,1592.137887,1580
BCS0028A,P21,42795,3.709,44.8,8204,1591.938584,1580
BCS0028A,P21,42826,3.709,44.8,8204,1591.7666,1580
BCS0028A,P21,42856,3.709,44.8,8204,1591.610469,1580
BCS0028A,P21,42887,3.709,44.8,8204,1591.480264,1580
BCS0028A,P21,42917,3.709,44.8,8204,1591.367305,1580
BCS0028A,P21,42948,3.709,44.8,8204,1591.276285,1580
BCS0028A,P21,42979,3.709,44.8,8204,1591.209091,1580
BCS0028A,P21,43009,3.709,44.8,8204,1591.161242,1580
BCS0028A,P21,43040,3.709,44.8,8204,1591.135827,1580
BCS0028A,P21,43070,3.709,44.8,8204,1591.13115,1580
BCS0028A,P21,43101,3.709,44.8,8204,1591.148413,1580
BCS0028A,P21,43132,3.709,44.8,8204,1591.182863,1580
BCS0028A,P21,43160,3.709,44.8,8204,1591.241881,1580
BCS0028A,P21,43191,3.709,44.8,8204,1591.319886,1580
BCS0028A,P21,43221,3.709,44.8,8204,1591.422076,1580
BCS0028A,P21,43252,3.709,44.8,8204,1591.54186,1580
BCS0028A,P21,43282,3.709,44.8,8204,1591.687222,1580
BCS0028A,P21,43313,3.709,44.8,8204,1591.854523,1580
BCS0028A,P21,43344,3.709,44.8,8204,1592.037318,1580
BCS0028A,P21,43374,3.709,44.8,8204,1592.247791,1580
BCS0028A,P21,43405,3.709,44.8,8204,1592.472364,1580
BCS0028A,P21,43435,3.709,44.8,8204,1592.726008,1580
BCS0028A,P21,43466,3.709,44.8,8204,1593.001593,1580
BCS0028A,P21,43497,3.709,44.8,8204,1593.269365,1580
BCS0028A,P21,43525,3.709,44.8,8204,1593.586705,1580
BCS0028A,P21,43556,3.709,44.8,8204,1593.914698,1580
BCS0028A,P21,43586,3.709,44.8,8204,1594.27521,1580
BCS0028A,P21,43617,3.709,44.8,8204,1594.644982,1580
BCS0028A,P21,43647,3.709,44.8,8204,1595.048666,1580
BCS0028A,P21,43678,3.709,44.8,8204,1595.474289,1580
BCS0028A,P21,43709,3.709,44.8,8204,1595.907071,1580
BCS0028A,P21,43739,3.709,44.8,8204,1596.375866,1580
BCS0028A,P21,43770,3.709,44.8,8204,1596.850427,1580
BCS0028A,P21,43800,3.709,44.8,8204,1597.362394,1580
BCS0028A,P21,43831,3.709,44.8,8204,1597.896299,1580
BCS0028A,P21,43862,3.709,44.8,8204,1598.415622,1580
BCS0028A,P21,43891,3.709,44.8,8204,1598.991991,1580
BCS0028A,P21,43922,3.709,44.8,8204,1599.570657,1580
BCS0028A,M18,42095,1.793,470,8949,2970.210475,2920
BCS0028A,M18,42125,1.793,470,8949,2968.862953,2920
BCS0028A,M18,42156,1.793,470,8949,2967.474714,2920
BCS0028A,M18,42186,1.793,470,8949,2966.135322,2920
BCS0028A,M18,42217,1.793,470,8949,2964.755483,2920
BCS0028A,M18,42248,1.793,470,8949,2963.379912,2920
BCS0028A,M18,42278,1.793,470,8949,2962.05278,2920
BCS0028A,M18,42309,1.793,470,8949,2960.685609,2920
BCS0028A,M18,42339,1.793,470,8949,2959.366606,2920
BCS0028A,M18,42370,1.793,470,8949,2958.007835,2920
BCS0028A,M18,42401,1.793,470,8949,2956.653333,2920
BCS0028A,M18,42430,1.793,470,8949,2955.390083,2920
BCS0028A,M18,42461,1.793,470,8949,2954.043843,2920
BCS0028A,M18,42491,1.793,470,8949,2952.745095,2910
BCS0028A,M18,42522,1.793,470,8949,2951.407255,2910
BCS0028A,M18,42552,1.793,470,8949,2950.116636,2910
BCS0028A,M18,42583,1.793,470,8949,2948.787195,2910
BCS0028A,M18,42614,1.793,470,8949,2947.462024,2910
BCS0028A,M18,42644,1.793,470,8949,2946.183665,2910
BCS0028A,M18,42675,1.793,470,8949,2944.866893,2910
BCS0028A,M18,42705,1.793,470,8949,2943.596663,2910
BCS0028A,M18,42736,1.793,470,8949,2942.288291,2910
BCS0028A,M18,42767,1.793,470,8949,2940.984188,2910
BCS0028A,M18,42795,1.793,470,8949,2939.809958,2910
BCS0028A,M18,42826,1.793,470,8949,2938.513979,2910
BCS0028A,M18,42856,1.793,470,8949,2937.263871,2910
BCS0028A,M18,42887,1.793,470,8949,2935.976292,2896
BCS0028A,M18,42917,1.793,470,8949,2934.734312,2896
BCS0028A,M18,42948,1.793,470,8949,2933.455134,2896
BCS0028A,M18,42979,1.793,470,8949,2932.180223,2896
BCS0028A,M18,43009,1.793,470,8949,2930.950504,2896
BCS0028A,M18,43040,1.793,470,8949,2929.683994,2896
BCS0028A,M18,43070,1.793,470,8949,2928.462403,2896
BCS0028A,M18,43101,1.793,470,8949,2927.204292,2896
BCS0028A,M18,43132,1.793,470,8949,2925.950451,2896
BCS0028A,M18,43160,1.793,470,8949,2924.821618,2896
BCS0028A,M18,43191,1.793,470,8949,2923.5759,2890
BCS0028A,M18,43221,1.793,470,8949,2922.374432,2890
BCS0028A,M18,43252,1.793,470,8949,2921.137114,2890
BCS0028A,M18,43282,1.793,470,8949,2919.943775,2890
BCS0028A,M18,43313,1.793,470,8949,2918.714857,2890
BCS0028A,M18,43344,1.793,470,8949,2917.490208,2890
BCS0028A,M18,43374,1.793,470,8949,2916.309129,2890
BCS0028A,M18,43405,1.793,470,8949,2915.09288,2890
BCS0028A,M18,43435,1.793,470,8949,2913.919929,2880
BCS0028A,M18,43466,1.793,470,8949,2912.712079,2880
BCS0028A,M18,43497,1.793,470,8949,2911.508499,2880
BCS0028A,M18,43525,1.793,470,8949,2910.425063,2880
BCS0028A,M18,43556,1.793,470,8949,2909.229607,2880
BCS0028A,M18,43586,1.793,470,8949,2908.076779,2880
BCS0028A,M18,43617,1.793,470,8949,2906.889722,2880
BCS0028A,M18,43647,1.793,470,8949,2905.745023,2880
BCS0028A,M18,43678,1.793,470,8949,2904.566366,2880
BCS0028A,M18,43709,1.793,470,8949,2903.391979,2880
BCS0028A,M18,43739,1.793,470,8949,2902.259539,2880
BCS0028A,M18,43770,1.793,470,8949,2901.093551,2880
BCS0028A,M18,43800,1.793,470,8949,2899.96924,2875
BCS0028A,M18,43831,1.793,470,8949,2898.811652,2875
BCS0028A,M18,43862,1.793,470,8949,2897.658333,2875
BCS0028A,M18,43891,1.793,470,8949,2896.583286,2875
BCS0032,M18,42095,2.445,480,8895,2970.210475,2880
BCS0032,M18,42125,2.445,480,8895,2968.862953,2880
BCS0032,M18,42156,2.445,480,8895,2967.474714,2880
BCS0032,M18,42186,2.445,480,8895,2966.135322,2880
BCS0032,M18,42217,2.445,480,8895,2964.755483,2880
BCS0032,M18,42248,2.445,480,8895,2963.379912,2880
BCS0032,M18,42278,2.445,480,8895,2962.05278,2880
BCS0032,M18,42309,2.445,480,8895,2960.685609,2880
BCS0032,M18,42339,2.445,480,8895,2959.366606,2880
BCS0032,M18,42370,2.445,480,8895,2958.007835,2880
BCS0032,M18,42401,2.445,480,8895,2956.653333,2880
BCS0032,M18,42430,2.445,480,8895,2955.390083,2880
BCS0032,M18,42461,2.445,480,8895,2954.043843,2880
BCS0032,M18,42491,2.445,480,8895,2952.745095,2880
BCS0032,M18,42522,2.445,480,8895,2951.407255,2880
BCS0032,M18,42552,2.445,480,8895,2950.116636,2880
BCS0032,M18,42583,2.445,480,8895,2948.787195,2880
BCS0032,M18,42614,2.445,480,8895,2947.462024,2880
BCS0032,M18,42644,2.445,480,8895,2946.183665,2880
BCS0032,M18,42675,2.445,480,8895,2944.866893,2880
BCS0032,M18,42705,2.445,480,8895,2943.596663,2880
BCS0032,M18,42736,2.445,480,8895,2942.288291,2880
BCS0032,M18,42767,2.445,480,8895,2940.984188,2880
BCS0032,M18,42795,2.445,480,8895,2939.809958,2880
BCS0032,M18,42826,2.445,480,8895,2938.513979,2880
BCS0032,M18,42856,2.445,480,8895,2937.263871,2880
BCS0032,M18,42887,2.445,480,8895,2935.976292,2880
BCS0032,M18,42917,2.445,480,8895,2934.734312,2880
BCS0032,M18,42948,2.445,480,8895,2933.455134,2870
BCS0032,M18,42979,2.445,480,8895,2932.180223,2870
BCS0032,M18,43009,2.445,480,8895,2930.950504,2870
BCS0032,M18,43040,2.445,480,8895,2929.683994,2870
BCS0032,M18,43070,2.445,480,8895,2928.462403,2870
BCS0032,M18,43101,2.445,480,8895,2927.204292,2870
BCS0032,M18,43132,2.445,480,8895,2925.950451,2870
BCS0032,M18,43160,2.445,480,8895,2924.821618,2870
BCS0032,M18,43191,2.445,480,8895,2923.5759,2870
BCS0032,M18,43221,2.445,480,8895,2922.374432,2870
BCS0032,M18,43252,2.445,480,8895,2921.137114,2870
BCS0032,M18,43282,2.445,480,8895,2919.943775,2870
BCS0032,M18,43313,2.445,480,8895,2918.714857,2870
BCS0032,M18,43344,2.445,480,8895,2917.490208,2870
BCS0032,M18,43374,2.445,480,8895,2916.309129,2870
BCS0032,M18,43405,2.445,480,8895,2915.09288,2850
BCS0032,M18,43435,2.445,480,8895,2913.919929,2850
BCS0032,M18,43466,2.445,480,8895,2912.712079,2850
BCS0032,M18,43497,2.445,480,8895,2911.508499,2850
BCS0032,M18,43525,2.445,480,8895,2910.425063,2850
BCS0032,M18,43556,2.445,480,8895,2909.229607,2850
BCS0032,M18,43586,2.445,480,8895,2908.076779,2850
BCS0032,M18,43617,2.445,480,8895,2906.889722,2850
BCS0032,M18,43647,2.445,480,8895,2905.745023,2850
BCS0032,M18,43678,2.445,480,8895,2904.566366,2850
BCS0032,M18,43709,2.445,480,8895,2903.391979,2850
BCS0032,M18,43739,2.445,480,8895,2902.259539,2850
BCS0032,M18,43770,2.445,480,8895,2901.093551,2850
BCS0032,M18,43800,2.445,480,8895,2899.96924,2850
BCS0032,M18,43831,2.445,480,8895,2898.811652,2850
BCS0032,M18,43862,2.445,480,8895,2897.658333,2840
BCS0032,M18,43891,2.445,480,8895,2896.583286,2840
BCS0039,P39,42095,4.27,178,10162,3576.421338,3470
BCS0039,P39,42125,4.27,178,10162,3574.685611,3470
BCS0039,P39,42156,4.27,178,10162,3572.894209,3470
BCS0039,P39,42186,4.27,178,10162,3571.162701,3470
BCS0039,P39,42217,4.27,178,10162,3569.37565,3470
BCS0039,P39,42248,4.27,178,10162,3567.590804,3470
BCS0039,P39,42278,4.27,178,10162,3565.86563,3470
BCS0039,P39,42309,4.27,178,10162,3564.08511,3470
BCS0039,P39,42339,4.27,178,10162,3562.364114,3470
BCS0039,P39,42370,4.27,178,10162,3560.587904,3470
BCS0039,P39,42401,4.27,178,10162,3558.813878,3470
BCS0039,P39,42430,4.27,178,10162,3557.156278,3470
BCS0039,P39,42461,4.27,178,10162,3555.386466,3470
BCS0039,P39,42491,4.27,178,10162,3553.675813,3470
BCS0039,P39,42522,4.27,178,10162,3551.910269,3470
BCS0039,P39,42552,4.27,178,10162,3550.203738,3470
BCS0039,P39,42583,4.27,178,10162,3548.442447,3470
BCS0039,P39,42614,4.27,178,10162,3546.68331,3470
BCS0039,P39,42644,4.27,178,10162,3544.982967,3470
BCS0039,P39,42675,4.27,178,10162,3543.228057,3470
BCS0039,P39,42705,4.27,178,10162,3541.531798,3470
BCS0039,P39,42736,4.27,178,10162,3539.781099,3470
BCS0039,P39,42767,4.27,178,10162,3538.032535,3470
BCS0039,P39,42795,4.27,178,10162,3536.455017,3470
BCS0039,P39,42826,4.27,178,10162,3534.710503,3470
BCS0039,P39,42856,4.27,178,10162,3533.024284,3470
BCS0039,P39,42887,4.27,178,10162,3531.283941,3470
BCS0039,P39,42917,4.27,178,10162,3529.601751,3460
BCS0039,P39,42948,4.27,178,10162,3527.865564,3460
BCS0039,P39,42979,4.27,178,10162,3526.131483,3460
BCS0039,P39,43009,4.27,178,10162,3524.455341,3460
BCS0039,P39,43040,4.27,178,10162,3522.725391,3460
BCS0039,P39,43070,4.27,178,10162,3521.05324,3460
BCS0039,P39,43101,4.27,178,10162,3519.327407,3460
BCS0039,P39,43132,4.27,178,10162,3517.603659,3460
BCS0039,P39,43160,4.27,178,10162,3516.048516,3460
BCS0039,P39,43191,4.27,178,10162,3514.328727,3460
BCS0039,P39,43221,4.27,178,10162,3512.66639,3460
BCS0039,P39,43252,4.27,178,10162,3510.950679,3460
BCS0039,P39,43282,4.27,178,10162,3509.292281,3460
BCS0039,P39,43313,4.27,178,10162,3507.580633,3460
BCS0039,P39,43344,4.27,178,10162,3505.871043,3460
BCS0039,P39,43374,4.27,178,10162,3504.218557,3460
BCS0039,P39,43405,4.27,178,10162,3502.513006,3460
BCS0039,P39,43435,4.27,178,10162,3500.864422,3460
BCS0039,P39,43466,4.27,178,10162,3499.162895,3460
BCS0039,P39,43497,4.27,178,10162,3497.463408,3460
BCS0039,P39,43525,4.27,178,10162,3495.930136,3450
BCS0039,P39,43556,4.27,178,10162,3494.234519,3450
BCS0039,P39,43586,4.27,178,10162,3492.59553,3450
BCS0039,P39,43617,4.27,178,10162,3490.903899,3450
BCS0039,P39,43647,4.27,178,10162,3489.268761,3450
BCS0039,P39,43678,4.27,178,10162,3487.581102,3450
BCS0039,P39,43709,4.27,178,10162,3485.895457,3450
BCS0039,P39,43739,4.27,178,10162,3484.266099,3450
BCS0039,P39,43770,4.27,178,10162,3482.584403,3450
BCS0039,P39,43800,4.27,178,10162,3480.95886,3450
BCS0039,P39,43831,4.27,178,10162,3479.281099,3450
BCS0039,P39,43862,4.27,178,10162,3477.605331,3450
BCS0039,P39,43891,4.27,178,10162,3476.039479,3450
BCS0043,P39,42095,3.054,80.5,9833,3576.421338,3390
BCS0043,P39,42125,3.054,80.5,9833,3574.685611,3390
BCS0043,P39,42156,3.054,80.5,9833,3572.894209,3390
BCS0043,P39,42186,3.054,80.5,9833,3571.162701,3390
BCS0043,P39,42217,3.054,80.5,9833,3569.37565,3390
BCS0043,P39,42248,3.054,80.5,9833,3567.590804,3390
BCS0043,P39,42278,3.054,80.5,9833,3565.86563,3390
BCS0043,P39,42309,3.054,80.5,9833,3564.08511,3390
BCS0043,P39,42339,3.054,80.5,9833,3562.364114,3390
BCS0043,P39,42370,3.054,80.5,9833,3560.587904,3390
BCS0043,P39,42401,3.054,80.5,9833,3558.813878,3390
BCS0043,P39,42430,3.054,80.5,9833,3557.156278,3390
BCS0043,P39,42461,3.054,80.5,9833,3555.386466,3390
BCS0043,P39,42491,3.054,80.5,9833,3553.675813,3390
BCS0043,P39,42522,3.054,80.5,9833,3551.910269,3390
BCS0043,P39,42552,3.054,80.5,9833,3550.203738,3390
BCS0043,P39,42583,3.054,80.5,9833,3548.442447,3390
BCS0043,P39,42614,3.054,80.5,9833,3546.68331,3390
BCS0043,P39,42644,3.054,80.5,9833,3544.982967,3390
BCS0043,P39,42675,3.054,80.5,9833,3543.228057,3390
BCS0043,P39,42705,3.054,80.5,9833,3541.531798,3390
BCS0043,P39,42736,3.054,80.5,9833,3539.781099,3390
BCS0043,P39,42767,3.054,80.5,9833,3538.032535,3390
BCS0043,P39,42795,3.054,80.5,9833,3536.455017,3390
BCS0043,P39,42826,3.054,80.5,9833,3534.710503,3390
BCS0043,P39,42856,3.054,80.5,9833,3533.024284,3390
BCS0043,P39,42887,3.054,80.5,9833,3531.283941,3390
BCS0043,P39,42917,3.054,80.5,9833,3529.601751,3390
BCS0043,P39,42948,3.054,80.5,9833,3527.865564,3390
BCS0043,P39,42979,3.054,80.5,9833,3526.131483,3390
BCS0043,P39,43009,3.054,80.5,9833,3524.455341,3390
BCS0043,P39,43040,3.054,80.5,9833,3522.725391,3390
BCS0043,P39,43070,3.054,80.5,9833,3521.05324,3390
BCS0043,P39,43101,3.054,80.5,9833,3519.327407,3390
BCS0043,P39,43132,3.054,80.5,9833,3517.603659,3390
BCS0043,P39,43160,3.054,80.5,9833,3516.048516,3390
BCS0043,P39,43191,3.054,80.5,9833,3514.328727,3390
BCS0043,P39,43221,3.054,80.5,9833,3512.66639,3390
BCS0043,P39,43252,3.054,80.5,9833,3510.950679,3390
BCS0043,P39,43282,3.054,80.5,9833,3509.292281,3390
BCS0043,P39,43313,3.054,80.5,9833,3507.580633,3390
BCS0043,P39,43344,3.054,80.5,9833,3505.871043,3390
BCS0043,P39,43374,3.054,80.5,9833,3504.218557,3390
BCS0043,P39,43405,3.054,80.5,9833,3502.513006,3390
BCS0043,P39,43435,3.054,80.5,9833,3500.864422,3390
BCS0043,P39,43466,3.054,80.5,9833,3499.162895,3390
BCS0043,P39,43497,3.054,80.5,9833,3497.463408,3390
BCS0043,P39,43525,3.054,80.5,9833,3495.930136,3390
BCS0043,P39,43556,3.054,80.5,9833,3494.234519,3390
BCS0043,P39,43586,3.054,80.5,9833,3492.59553,3390
BCS0043,P39,43617,3.054,80.5,9833,3490.903899,3390
BCS0043,P39,43647,3.054,80.5,9833,3489.268761,3390
BCS0043,P39,43678,3.054,80.5,9833,3487.581102,3390
BCS0043,P39,43709,3.054,80.5,9833,3485.895457,3390
BCS0043,P39,43739,3.054,80.5,9833,3484.266099,3390
BCS0043,P39,43770,3.054,80.5,9833,3482.584403,3390
BCS0043,P39,43800,3.054,80.5,9833,3480.95886,3390
BCS0043,P39,43831,3.054,80.5,9833,3479.281099,3390
BCS0043,P39,43862,3.054,80.5,9833,3477.605331,3390
BCS0043,P39,43891,3.054,80.5,9833,3476.039479,3390
BCS0046,P21,42095,2.22,40,8436,1601.806677,1460
BCS0046,P21,42125,2.22,40,8436,1601.133195,1460
BCS0046,P21,42156,2.22,40,8436,1600.502328,1460
BCS0046,P21,42186,2.22,40,8436,1599.872018,1460
BCS0046,P21,42217,2.22,40,8436,1599.263648,1460
BCS0046,P21,42248,2.22,40,8436,1598.695792,1460
BCS0046,P21,42278,2.22,40,8436,1598.130593,1460
BCS0046,P21,42309,2.22,40,8436,1597.604515,1460
BCS0046,P21,42339,2.22,40,8436,1597.082488,1460
BCS0046,P21,42370,2.22,40,8436,1596.5824,1460
BCS0046,P21,42401,2.22,40,8436,1596.134438,1460
BCS0046,P21,42430,2.22,40,8436,1595.676814,1460
BCS0046,P21,42461,2.22,40,8436,1595.254842,1460
BCS0046,P21,42491,2.22,40,8436,1594.840389,1460
BCS0046,P21,42522,2.22,40,8436,1594.460195,1460
BCS0046,P21,42552,2.22,40,8436,1594.088914,1460
BCS0046,P21,42583,2.22,40,8436,1593.739573,1460
BCS0046,P21,42614,2.22,40,8436,1593.42239,1460
BCS0046,P21,42644,2.22,40,8436,1593.116221,1460
BCS0046,P21,42675,2.22,40,8436,1592.840817,1460
BCS0046,P21,42705,2.22,40,8436,1592.577818,1460
BCS0046,P21,42736,2.22,40,8436,1592.33676,1460
BCS0046,P21,42767,2.22,40,8436,1592.137887,1460
BCS0046,P21,42795,2.22,40,8436,1591.938584,1460
BCS0046,P21,42826,2.22,40,8436,1591.7666,1460
BCS0046,P21,42856,2.22,40,8436,1591.610469,1460
BCS0046,P21,42887,2.22,40,8436,1591.480264,1460
BCS0046,P21,42917,2.22,40,8436,1591.367305,1460
BCS0046,P21,42948,2.22,40,8436,1591.276285,1460
BCS0046,P21,42979,2.22,40,8436,1591.209091,1460
BCS0046,P21,43009,2.22,40,8436,1591.161242,1460
BCS0046,P21,43040,2.22,40,8436,1591.135827,1460
BCS0046,P21,43070,2.22,40,8436,1591.13115,1460
BCS0046,P21,43101,2.22,40,8436,1591.148413,1460
BCS0046,P21,43132,2.22,40,8436,1591.182863,1460
BCS0046,P21,43160,2.22,40,8436,1591.241881,1460
BCS0046,P21,43191,2.22,40,8436,1591.319886,1460
BCS0046,P21,43221,2.22,40,8436,1591.422076,1460
BCS0046,P21,43252,2.22,40,8436,1591.54186,1460
BCS0046,P21,43282,2.22,40,8436,1591.687222,1460
BCS0046,P21,43313,2.22,40,8436,1591.854523,1460
BCS0046,P21,43344,2.22,40,8436,1592.037318,1460
BCS0046,P21,43374,2.22,40,8436,1592.247791,1460
BCS0046,P21,43405,2.22,40,8436,1592.472364,1460
BCS0046,P21,43435,2.22,40,8436,1592.726008,1460
BCS0046,P21,43466,2.22,40,8436,1593.001593,1460
BCS0046,P21,43497,2.22,40,8436,1593.269365,1460
BCS0046,P21,43525,2.22,40,8436,1593.586705,1460
BCS0046,P21,43556,2.22,40,8436,1593.914698,1460
BCS0046,P21,43586,2.22,40,8436,1594.27521,1460
BCS0046,P21,43617,2.22,40,8436,1594.644982,1460
BCS0046,P21,43647,2.22,40,8436,1595.048666,1460
BCS0046,P21,43678,2.22,40,8436,1595.474289,1460
BCS0046,P21,43709,2.22,40,8436,1595.907071,1460
BCS0046,P21,43739,2.22,40,8436,1596.375866,1460
BCS0046,P21,43770,2.22,40,8436,1596.850427,1460
BCS0046,P21,43800,2.22,40,8436,1597.362394,1460
BCS0046,P21,43831,2.22,40,8436,1597.896299,1460
BCS0046,P21,43862,2.22,40,8436,1598.415622,1460
BCS0046,P21,43891,2.22,40,8436,1598.991991,1460
BCS0046,P21,43922,2.22,40,8436,1599.570657,1460
BCS0046,M18,42095,2.62,89.8,9432,2970.210475,2640
BCS0046,M18,42125,2.62,89.8,9432,2968.862953,2640
BCS0046,M18,42156,2.62,89.8,9432,2967.474714,2640
BCS0046,M18,42186,2.62,89.8,9432,2966.135322,2640
BCS0046,M18,42217,2.62,89.8,9432,2964.755483,2640
BCS0046,M18,42248,2.62,89.8,9432,2963.379912,2640
BCS0046,M18,42278,2.62,89.8,9432,2962.05278,2640
BCS0046,M18,42309,2.62,89.8,9432,2960.685609,2640
BCS0046,M18,42339,2.62,89.8,9432,2959.366606,2640
BCS0046,M18,42370,2.62,89.8,9432,2958.007835,2640
BCS0046,M18,42401,2.62,89.8,9432,2956.653333,2640
BCS0046,M18,42430,2.62,89.8,9432,2955.390083,2640
BCS0046,M18,42461,2.62,89.8,9432,2954.043843,2640
BCS0046,M18,42491,2.62,89.8,9432,2952.745095,2640
BCS0046,M18,42522,2.62,89.8,9432,2951.407255,2640
BCS0046,M18,42552,2.62,89.8,9432,2950.116636,2640
BCS0046,M18,42583,2.62,89.8,9432,2948.787195,2640
BCS0046,M18,42614,2.62,89.8,9432,2947.462024,2640
BCS0046,M18,42644,2.62,89.8,9432,2946.183665,2640
BCS0046,M18,42675,2.62,89.8,9432,2944.866893,2640
BCS0046,M18,42705,2.62,89.8,9432,2943.596663,2640
BCS0046,M18,42736,2.62,89.8,9432,2942.288291,2640
BCS0046,M18,42767,2.62,89.8,9432,2940.984188,2640
BCS0046,M18,42795,2.62,89.8,9432,2939.809958,2640
BCS0046,M18,42826,2.62,89.8,9432,2938.513979,2640
BCS0046,M18,42856,2.62,89.8,9432,2937.263871,2640
BCS0046,M18,42887,2.62,89.8,9432,2935.976292,2640
BCS0046,M18,42917,2.62,89.8,9432,2934.734312,2640
BCS0046,M18,42948,2.62,89.8,9432,2933.455134,2640
BCS0046,M18,42979,2.62,89.8,9432,2932.180223,2640
BCS0046,M18,43009,2.62,89.8,9432,2930.950504,2640
BCS0046,M18,43040,2.62,89.8,9432,2929.683994,2640
BCS0046,M18,43070,2.62,89.8,9432,2928.462403,2640
BCS0046,M18,43101,2.62,89.8,9432,2927.204292,2640
BCS0046,M18,43132,2.62,89.8,9432,2925.950451,2640
BCS0046,M18,43160,2.62,89.8,9432,2924.821618,2640
BCS0046,M18,43191,2.62,89.8,9432,2923.5759,2640
BCS0046,M18,43221,2.62,89.8,9432,2922.374432,2640
BCS0046,M18,43252,2.62,89.8,9432,2921.137114,2640
BCS0046,M18,43282,2.62,89.8,9432,2919.943775,2640
BCS0046,M18,43313,2.62,89.8,9432,2918.714857,2640
BCS0046,M18,43344,2.62,89.8,9432,2917.490208,2640
BCS0046,M18,43374,2.62,89.8,9432,2916.309129,2640
BCS0046,M18,43405,2.62,89.8,9432,2915.09288,2640
BCS0046,M18,43435,2.62,89.8,9432,2913.919929,2640
BCS0046,M18,43466,2.62,89.8,9432,2912.712079,2640
BCS0046,M18,43497,2.62,89.8,9432,2911.508499,2640
BCS0046,M18,43525,2.62,89.8,9432,2910.425063,2640
BCS0046,M18,43556,2.62,89.8,9432,2909.229607,2640
BCS0046,M18,43586,2.62,89.8,9432,2908.076779,2640
BCS0046,M18,43617,2.62,89.8,9432,2906.889722,2640
BCS0046,M18,43647,2.62,89.8,9432,2905.745023,2640
BCS0046,M18,43678,2.62,89.8,9432,2904.566366,2640
BCS0046,M18,43709,2.62,89.8,9432,2903.391979,2640
BCS0046,M18,43739,2.62,89.8,9432,2902.259539,2640
BCS0046,M18,43770,2.62,89.8,9432,2901.093551,2640
BCS0046,M18,43800,2.62,89.8,9432,2899.96924,2640
BCS0046,M18,43831,2.62,89.8,9432,2898.811652,2640
BCS0046,M18,43862,2.62,89.8,9432,2897.658333,2640
BCS0046,M18,43891,2.62,89.8,9432,2896.583286,2640
BCS0047,P21,42095,9.504,76,8232,1601.806677,1580
BCS0047,P21,42125,9.504,76,8232,1601.133195,1580
BCS0047,P21,42156,9.504,76,8232,1600.502328,1580
BCS0047,P21,42186,9.504,76,8232,1599.872018,1580
BCS0047,P21,42217,9.504,76,8232,1599.263648,1580
BCS0047,P21,42248,9.504,76,8232,1598.695792,1580
BCS0047,P21,42278,9.504,76,8232,1598.130593,1580
BCS0047,P21,42309,9.504,76,8232,1597.604515,1580
BCS0047,P21,42339,9.504,76,8232,1597.082488,1580
BCS0047,P21,42370,9.504,76,8232,1596.5824,1580
BCS0047,P21,42401,9.504,76,8232,1596.134438,1580
BCS0047,P21,42430,9.504,76,8232,1595.676814,1580
BCS0047,P21,42461,9.504,76,8232,1595.254842,1580
BCS0047,P21,42491,9.504,76,8232,1594.840389,1580
BCS0047,P21,42522,9.504,76,8232,1594.460195,1580
BCS0047,P21,42552,9.504,76,8232,1594.088914,1580
BCS0047,P21,42583,9.504,76,8232,1593.739573,1580
BCS0047,P21,42614,9.504,76,8232,1593.42239,1580
BCS0047,P21,42644,9.504,76,8232,1593.116221,1580
BCS0047,P21,42675,9.504,76,8232,1592.840817,1580
BCS0047,P21,42705,9.504,76,8232,1592.577818,1580
BCS0047,P21,42736,9.504,76,8232,1592.33676,1580
BCS0047,P21,42767,9.504,76,8232,1592.137887,1580
BCS0047,P21,42795,9.504,76,8232,1591.938584,1580
BCS0047,P21,42826,9.504,76,8232,1591.7666,1580
BCS0047,P21,42856,9.504,76,8232,1591.610469,1580
BCS0047,P21,42887,9.504,76,8232,1591.480264,1580
BCS0047,P21,42917,9.504,76,8232,1591.367305,1580
BCS0047,P21,42948,9.504,76,8232,1591.276285,1580
BCS0047,P21,42979,9.504,76,8232,1591.209091,1580
BCS0047,P21,43009,9.504,76,8232,1591.161242,1580
BCS0047,P21,43040,9.504,76,8232,1591.135827,1580
BCS0047,P21,43070,9.504,76,8232,1591.13115,1580
BCS0047,P21,43101,9.504,76,8232,1591.148413,1580
BCS0047,P21,43132,9.504,76,8232,1591.182863,1580
BCS0047,P21,43160,9.504,76,8232,1591.241881,1580
BCS0047,P21,43191,9.504,76,8232,1591.319886,1580
BCS0047,P21,43221,9.504,76,8232,1591.422076,1580
BCS0047,P21,43252,9.504,76,8232,1591.54186,1580
BCS0047,P21,43282,9.504,76,8232,1591.687222,1580
BCS0047,P21,43313,9.504,76,8232,1591.854523,1580
BCS0047,P21,43344,9.504,76,8232,1592.037318,1580
BCS0047,P21,43374,9.504,76,8232,1592.247791,1580
BCS0047,P21,43405,9.504,76,8232,1592.472364,1580
BCS0047,P21,43435,9.504,76,8232,1592.726008,1580
BCS0047,P21,43466,9.504,76,8232,1593.001593,1580
BCS0047,P21,43497,9.504,76,8232,1593.269365,1580
BCS0047,P21,43525,9.504,76,8232,1593.586705,1580
BCS0047,P21,43556,9.504,76,8232,1593.914698,1580
BCS0047,P21,43586,9.504,76,8232,1594.27521,1580
BCS0047,P21,43617,9.504,76,8232,1594.644982,1580
BCS0047,P21,43647,9.504,76,8232,1595.048666,1580
BCS0047,P21,43678,9.504,76,8232,1595.474289,1580
BCS0047,P21,43709,9.504,76,8232,1595.907071,1580
BCS0047,P21,43739,9.504,76,8232,1596.375866,1580
BCS0047,P21,43770,9.504,76,8232,1596.850427,1580
BCS0047,P21,43800,9.504,76,8232,1597.362394,1580
BCS0047,P21,43831,9.504,76,8232,1597.896299,1580
BCS0047,P21,43862,9.504,76,8232,1598.415622,1580
BCS0047,P21,43891,9.504,76,8232,1598.991991,1580
BCS0047,P21,43922,9.504,76,8232,1599.570657,1580
BCS0047,M18,42095,13.202,233,8941,2970.210475,2960
BCS0047,M18,42125,13.202,233,8941,2968.862953,2959
BCS0047,M18,42156,13.202,233,8941,2967.474714,2957
BCS0047,M18,42186,13.202,233,8941,2966.135322,2956
BCS0047,M18,42217,13.202,233,8941,2964.755483,2955
BCS0047,M18,42248,13.202,233,8941,2963.379912,2953
BCS0047,M18,42278,13.202,233,8941,2962.05278,2952
BCS0047,M18,42309,13.202,233,8941,2960.685609,2951
BCS0047,M18,42339,13.202,233,8941,2959.366606,2949
BCS0047,M18,42370,13.202,233,8941,2958.007835,2948
BCS0047,M18,42401,13.202,233,8941,2956.653333,2947
BCS0047,M18,42430,13.202,233,8941,2955.390083,2945
BCS0047,M18,42461,13.202,233,8941,2954.043843,2944
BCS0047,M18,42491,13.202,233,8941,2952.745095,2943
BCS0047,M18,42522,13.202,233,8941,2951.407255,2941
BCS0047,M18,42552,13.202,233,8941,2950.116636,2940
BCS0047,M18,42583,13.202,233,8941,2948.787195,2939
BCS0047,M18,42614,13.202,233,8941,2947.462024,2937
BCS0047,M18,42644,13.202,233,8941,2946.183665,2936
BCS0047,M18,42675,13.202,233,8941,2944.866893,2935
BCS0047,M18,42705,13.202,233,8941,2943.596663,2934
BCS0047,M18,42736,13.202,233,8941,2942.288291,2932
BCS0047,M18,42767,13.202,233,8941,2940.984188,2931
BCS0047,M18,42795,13.202,233,8941,2939.809958,2930
BCS0047,M18,42826,13.202,233,8941,2938.513979,2929
BCS0047,M18,42856,13.202,233,8941,2937.263871,2927
BCS0047,M18,42887,13.202,233,8941,2935.976292,2926
BCS0047,M18,42917,13.202,233,8941,2934.734312,2925
BCS0047,M18,42948,13.202,233,8941,2933.455134,2923
BCS0047,M18,42979,13.202,233,8941,2932.180223,2922
BCS0047,M18,43009,13.202,233,8941,2930.950504,2921
BCS0047,M18,43040,13.202,233,8941,2929.683994,2920
BCS0047,M18,43070,13.202,233,8941,2928.462403,2918
BCS0047,M18,43101,13.202,233,8941,2927.204292,2917
BCS0047,M18,43132,13.202,233,8941,2925.950451,2916
BCS0047,M18,43160,13.202,233,8941,2924.821618,2915
BCS0047,M18,43191,13.202,233,8941,2923.5759,2914
BCS0047,M18,43221,13.202,233,8941,2922.374432,2912
BCS0047,M18,43252,13.202,233,8941,2921.137114,2911
BCS0047,M18,43282,13.202,233,8941,2919.943775,2910
BCS0047,M18,43313,13.202,233,8941,2918.714857,2909
BCS0047,M18,43344,13.202,233,8941,2917.490208,2907
BCS0047,M18,43374,13.202,233,8941,2916.309129,2906
BCS0047,M18,43405,13.202,233,8941,2915.09288,2905
BCS0047,M18,43435,13.202,233,8941,2913.919929,2904
BCS0047,M18,43466,13.202,233,8941,2912.712079,2903
BCS0047,M18,43497,13.202,233,8941,2911.508499,2902
BCS0047,M18,43525,13.202,233,8941,2910.425063,2900
BCS0047,M18,43556,13.202,233,8941,2909.229607,2899
BCS0047,M18,43586,13.202,233,8941,2908.076779,2898
BCS0047,M18,43617,13.202,233,8941,2906.889722,2897
BCS0047,M18,43647,13.202,233,8941,2905.745023,2896
BCS0047,M18,43678,13.202,233,8941,2904.566366,2895
BCS0047,M18,43709,13.202,233,8941,2903.391979,2893
BCS0047,M18,43739,13.202,233,8941,2902.259539,2892
BCS0047,M18,43770,13.202,233,8941,2901.093551,2891
BCS0047,M18,43800,13.202,233,8941,2899.96924,2890
BCS0047,M18,43831,13.202,233,8941,2898.811652,2889
BCS0047,M18,43862,13.202,233,8941,2897.658333,2888
BCS0047,M18,43891,13.202,233,8941,2896.583286,2887
BCS0048,M18,42095,0.585,77.5,9757,2970.210475,2700
BCS0048,M18,42125,0.585,77.5,9757,2968.862953,2700
BCS0048,M18,42156,0.585,77.5,9757,2967.474714,2700
BCS0048,M18,42186,0.585,77.5,9757,2966.135322,2700
BCS0048,M18,42217,0.585,77.5,9757,2964.755483,2700
BCS0048,M18,42248,0.585,77.5,9757,2963.379912,2700
BCS0048,M18,42278,0.585,77.5,9757,2962.05278,2700
BCS0048,M18,42309,0.585,77.5,9757,2960.685609,2700
BCS0048,M18,42339,0.585,77.5,9757,2959.366606,2700
BCS0048,M18,42370,0.585,77.5,9757,2958.007835,2700
BCS0048,M18,42401,0.585,77.5,9757,2956.653333,2700
BCS0048,M18,42430,0.585,77.5,9757,2955.390083,2700
BCS0048,M18,42461,0.585,77.5,9757,2954.043843,2700
BCS0048,M18,42491,0.585,77.5,9757,2952.745095,2700
BCS0048,M18,42522,0.585,77.5,9757,2951.407255,2700
BCS0048,M18,42552,0.585,77.5,9757,2950.116636,2700
BCS0048,M18,42583,0.585,77.5,9757,2948.787195,2700
BCS0048,M18,42614,0.585,77.5,9757,2947.462024,2700
BCS0048,M18,42644,0.585,77.5,9757,2946.183665,2700
BCS0048,M18,42675,0.585,77.5,9757,2944.866893,2700
BCS0048,M18,42705,0.585,77.5,9757,2943.596663,2700
BCS0048,M18,42736,0.585,77.5,9757,2942.288291,2700
BCS0048,M18,42767,0.585,77.5,9757,2940.984188,2700
BCS0048,M18,42795,0.585,77.5,9757,2939.809958,2700
BCS0048,M18,42826,0.585,77.5,9757,2938.513979,2700
BCS0048,M18,42856,0.585,77.5,9757,2937.263871,2700
BCS0048,M18,42887,0.585,77.5,9757,2935.976292,2700
BCS0048,M18,42917,0.585,77.5,9757,2934.734312,2700
BCS0048,M18,42948,0.585,77.5,9757,2933.455134,2700
BCS0048,M18,42979,0.585,77.5,9757,2932.180223,2700
BCS0048,M18,43009,0.585,77.5,9757,2930.950504,2700
BCS0048,M18,43040,0.585,77.5,9757,2929.683994,2700
BCS0048,M18,43070,0.585,77.5,9757,2928.462403,2700
BCS0048,M18,43101,0.585,77.5,9757,2927.204292,2700
BCS0048,M18,43132,0.585,77.5,9757,2925.950451,2700
BCS0048,M18,43160,0.585,77.5,9757,2924.821618,2700
BCS0048,M18,43191,0.585,77.5,9757,2923.5759,2700
BCS0048,M18,43221,0.585,77.5,9757,2922.374432,2700
BCS0048,M18,43252,0.585,77.5,9757,2921.137114,2700
BCS0048,M18,43282,0.585,77.5,9757,2919.943775,2700
BCS0048,M18,43313,0.585,77.5,9757,2918.714857,2700
BCS0048,M18,43344,0.585,77.5,9757,2917.490208,2700
BCS0048,M18,43374,0.585,77.5,9757,2916.309129,2700
BCS0048,M18,43405,0.585,77.5,9757,2915.09288,2700
BCS0048,M18,43435,0.585,77.5,9757,2913.919929,2700
BCS0048,M18,43466,0.585,77.5,9757,2912.712079,2700
BCS0048,M18,43497,0.585,77.5,9757,2911.508499,2700
BCS0048,M18,43525,0.585,77.5,9757,2910.425063,2700
BCS0048,M18,43556,0.585,77.5,9757,2909.229607,2700
BCS0048,M18,43586,0.585,77.5,9757,2908.076779,2700
BCS0048,M18,43617,0.585,77.5,9757,2906.889722,2700
BCS0048,M18,43647,0.585,77.5,9757,2905.745023,2700
BCS0048,M18,43678,0.585,77.5,9757,2904.566366,2700
BCS0048,M18,43709,0.585,77.5,9757,2903.391979,2700
BCS0048,M18,43739,0.585,77.5,9757,2902.259539,2700
BCS0048,M18,43770,0.585,77.5,9757,2901.093551,2700
BCS0048,M18,43800,0.585,77.5,9757,2899.96924,2700
BCS0048,M18,43831,0.585,77.5,9757,2898.811652,2700
BCS0048,M18,43862,0.585,77.5,9757,2897.658333,2700
BCS0048,M18,43891,0.585,77.5,9757,2896.583286,2700
BCS0054,M06,42095,5.45,213.5,10699,3070.6,3050
BCS0054,M06,42125,5.45,213.5,10699,3067.9,3047
BCS0054,M06,42156,5.45,213.5,10699,3065,3044
BCS0054,M06,42186,5.45,213.5,10699,3062.3,3041
BCS0054,M06,42217,5.45,213.5,10699,3059.4,3038
BCS0054,M06,42248,5.45,213.5,10699,3056.6,3036
BCS0054,M06,42278,5.45,213.5,10699,3053.8,3033
BCS0054,M06,42309,5.45,213.5,10699,3051,3030
BCS0054,M06,42339,5.45,213.5,10699,3048.3,3027
BCS0054,M06,42370,5.45,213.5,10699,3045.4,3024
BCS0054,M06,42401,5.45,213.5,10699,3042.6,3022
BCS0054,M06,42430,5.45,213.5,10699,3040,3019
BCS0054,M06,42461,5.45,213.5,10699,3037.2,3016
BCS0054,M06,42491,5.45,213.5,10699,3034.4,3013
BCS0054,M06,42522,5.45,213.5,10699,3031.6,3011
BCS0054,M06,42552,5.45,213.5,10699,3028.9,3008
BCS0054,M06,42583,5.45,213.5,10699,3026.1,3005
BCS0054,M06,42614,5.45,213.5,10699,3023.3,3002
BCS0054,M06,42644,5.45,213.5,10699,3020.6,3000
BCS0054,M06,42675,5.45,213.5,10699,3017.8,2997
BCS0054,M06,42705,5.45,213.5,10699,3015.1,2994
BCS0054,M06,42736,5.45,213.5,10699,3012.3,2991
BCS0054,M06,42767,5.45,213.5,10699,3009.5,2989
BCS0054,M06,42795,5.45,213.5,10699,3006.9,2986
BCS0054,M06,42826,5.45,213.5,10699,3004.2,2983
BCS0054,M06,42856,5.45,213.5,10699,3001.5,2981
BCS0054,M06,42887,5.45,213.5,10699,2998.7,2978
BCS0054,M06,42917,5.45,213.5,10699,2996,2975
BCS0054,M06,42948,5.45,213.5,10699,2993.2,2972
BCS0054,M06,42979,5.45,213.5,10699,2990.4,2969
BCS0054,M06,43009,5.45,213.5,10699,2987.7,2967
BCS0054,M06,43040,5.45,213.5,10699,2985,2964
BCS0054,M06,43070,5.45,213.5,10699,2982.3,2961
BCS0054,M06,43101,5.45,213.5,10699,2979.5,2959
BCS0054,M06,43132,5.45,213.5,10699,2976.8,2956
BCS0054,M06,43160,5.45,213.5,10699,2974.3,2953
BCS0054,M06,43191,5.45,213.5,10699,2971.5,2951
BCS0054,M06,43221,5.45,213.5,10699,2968.8,2948
BCS0054,M06,43252,5.45,213.5,10699,2966.1,2945
BCS0054,M06,43282,5.45,213.5,10699,2963.4,2942
BCS0054,M06,43313,5.45,213.5,10699,2960.7,2940
BCS0054,M06,43344,5.45,213.5,10699,2957.9,2937
BCS0054,M06,43374,5.45,213.5,10699,2955.3,2934
BCS0054,M06,43405,5.45,213.5,10699,2952.5,2932
BCS0054,M06,43435,5.45,213.5,10699,2949.9,2929
BCS0054,M06,43466,5.45,213.5,10699,2947.2,2926
BCS0054,M06,43497,5.45,213.5,10699,2944.4,2923
BCS0054,M06,43525,5.45,213.5,10699,2942,2921
BCS0054,M06,43556,5.45,213.5,10699,2939.2,2918
BCS0054,M06,43586,5.45,213.5,10699,2936.6,2916
BCS0054,M06,43617,5.45,213.5,10699,2933.9,2913
BCS0054,M06,43647,5.45,213.5,10699,2931.2,2910
BCS0054,M06,43678,5.45,213.5,10699,2928.5,2908
BCS0054,M06,43709,5.45,213.5,10699,2925.8,2905
BCS0054,M06,43739,5.45,213.5,10699,2923.2,2902
BCS0054,M06,43770,5.45,213.5,10699,2920.5,2900
BCS0054,M06,43800,5.45,213.5,10699,2917.8,2897
BCS0054,M06,43831,5.45,213.5,10699,2915.1,2894
BCS0054,M06,43862,5.45,213.5,10699,2912.4,2891
BCS0054,M06,43891,5.45,213.5,10699,2909.9,2889
BCS0058,P35,42095,10.37,54.5,7794,1966.554751,1790
BCS0058,P35,42125,10.37,54.5,7794,1963.394955,1790
BCS0058,P35,42156,10.37,54.5,7794,1960.135165,1790
BCS0058,P35,42186,10.37,54.5,7794,1956.985683,1790
BCS0058,P35,42217,10.37,54.5,7794,1953.736534,1790
BCS0058,P35,42248,10.37,54.5,7794,1950.49278,1790
BCS0058,P35,42278,10.37,54.5,7794,1947.358792,1790
BCS0058,P35,42309,10.37,54.5,7794,1944.125626,1790
BCS0058,P35,42339,10.37,54.5,7794,1941.001868,1790
BCS0058,P35,42370,10.37,54.5,7794,1937.779257,1790
BCS0058,P35,42401,10.37,54.5,7794,1934.561997,1790
BCS0058,P35,42430,10.37,54.5,7794,1931.557137,1790
BCS0058,P35,42461,10.37,54.5,7794,1928.350207,1790
BCS0058,P35,42491,10.37,54.5,7794,1925.251797,1790
BCS0058,P35,42522,10.37,54.5,7794,1922.055335,1790
BCS0058,P35,42552,10.37,54.5,7794,1918.967039,1790
BCS0058,P35,42583,10.37,54.5,7794,1915.781012,1790
BCS0058,P35,42614,10.37,54.5,7794,1912.600275,1790
BCS0058,P35,42644,10.37,54.5,7794,1909.52717,1790
BCS0058,P35,42675,10.37,54.5,7794,1906.356816,1790
BCS0058,P35,42705,10.37,54.5,7794,1903.293744,1790
BCS0058,P35,42736,10.37,54.5,7794,1900.133739,1790
BCS0058,P35,42767,10.37,54.5,7794,1896.978981,1790
BCS0058,P35,42795,10.37,54.5,7794,1894.134024,1790
BCS0058,P35,42826,10.37,54.5,7794,1890.989227,1790
BCS0058,P35,42856,10.37,54.5,7794,1887.950846,1790
BCS0058,P35,42887,10.37,54.5,7794,1884.816315,1790
BCS0058,P35,42917,10.37,54.5,7794,1881.787853,1790
BCS0058,P35,42948,10.37,54.5,7794,1878.663554,1790
BCS0058,P35,42979,10.37,54.5,7794,1875.544442,1790
BCS0058,P35,43009,10.37,54.5,7794,1872.530878,1790
BCS0058,P35,43040,10.37,54.5,7794,1869.421948,1790
BCS0058,P35,43070,10.37,54.5,7794,1866.418221,1790
BCS0058,P35,43101,10.37,54.5,7794,1863.319441,1790
BCS0058,P35,43132,10.37,54.5,7794,1860.225804,1790
BCS0058,P35,43160,10.37,54.5,7794,1857.435967,1790
BCS0058,P35,43191,10.37,54.5,7794,1854.3521,1755
BCS0058,P35,43221,10.37,54.5,7794,1851.372586,1755
BCS0058,P35,43252,10.37,54.5,7794,1848.298785,1755
BCS0058,P35,43282,10.37,54.5,7794,1845.328999,1755
BCS0058,P35,43313,10.37,54.5,7794,1842.265232,1755
BCS0058,P35,43344,10.37,54.5,7794,1839.206551,1755
BCS0058,P35,43374,10.37,54.5,7794,1836.251374,1755
BCS0058,P35,43405,10.37,54.5,7794,1833.202678,1755
BCS0058,P35,43435,10.37,54.5,7794,1830.257147,1755
BCS0058,P35,43466,10.37,54.5,7794,1827.218404,1755
BCS0058,P35,43497,10.37,54.5,7794,1824.184706,1755
BCS0058,P35,43525,10.37,54.5,7794,1821.448921,1755
BCS0058,P35,43556,10.37,54.5,7794,1818.424801,1755
BCS0058,P35,43586,10.37,54.5,7794,1815.503015,1755
BCS0058,P35,43617,10.37,54.5,7794,1812.488768,1755
BCS0058,P35,43647,10.37,54.5,7794,1809.576519,1755
BCS0058,P35,43678,10.37,54.5,7794,1806.572111,1755
BCS0058,P35,43709,10.37,54.5,7794,1803.572692,1755
BCS0058,P35,43739,10.37,54.5,7794,1800.674769,1755
BCS0058,P35,43770,10.37,54.5,7794,1797.685141,1755
BCS0058,P35,43800,10.37,54.5,7794,1794.796679,1755
BCS0058,P35,43831,10.37,54.5,7794,1791.81681,1755
BCS0058,P35,43862,10.37,54.5,7794,1788.841888,1755
BCS0058,P35,43891,10.37,54.5,7794,1786.063369,1755
BCS0060,M18,42095,1.014,185.5,10165,2970.210475,2795
BCS0060,M18,42125,1.014,185.5,10165,2968.862953,2795
BCS0060,M18,42156,1.014,185.5,10165,2967.474714,2795
BCS0060,M18,42186,1.014,185.5,10165,2966.135322,2795
BCS0060,M18,42217,1.014,185.5,10165,2964.755483,2795
BCS0060,M18,42248,1.014,185.5,10165,2963.379912,2795
BCS0060,M18,42278,1.014,185.5,10165,2962.05278,2795
BCS0060,M18,42309,1.014,185.5,10165,2960.685609,2795
BCS0060,M18,42339,1.014,185.5,10165,2959.366606,2795
BCS0060,M18,42370,1.014,185.5,10165,2958.007835,2795
BCS0060,M18,42401,1.014,185.5,10165,2956.653333,2795
BCS0060,M18,42430,1.014,185.5,10165,2955.390083,2795
BCS0060,M18,42461,1.014,185.5,10165,2954.043843,2795
BCS0060,M18,42491,1.014,185.5,10165,2952.745095,2795
BCS0060,M18,42522,1.014,185.5,10165,2951.407255,2795
BCS0060,M18,42552,1.014,185.5,10165,2950.116636,2795
BCS0060,M18,42583,1.014,185.5,10165,2948.787195,2795
BCS0060,M18,42614,1.014,185.5,10165,2947.462024,2795
BCS0060,M18,42644,1.014,185.5,10165,2946.183665,2795
BCS0060,M18,42675,1.014,185.5,10165,2944.866893,2795
BCS0060,M18,42705,1.014,185.5,10165,2943.596663,2795
BCS0060,M18,42736,1.014,185.5,10165,2942.288291,2795
BCS0060,M18,42767,1.014,185.5,10165,2940.984188,2795
BCS0060,M18,42795,1.014,185.5,10165,2939.809958,2795
BCS0060,M18,42826,1.014,185.5,10165,2938.513979,2795
BCS0060,M18,42856,1.014,185.5,10165,2937.263871,2795
BCS0060,M18,42887,1.014,185.5,10165,2935.976292,2795
BCS0060,M18,42917,1.014,185.5,10165,2934.734312,2795
BCS0060,M18,42948,1.014,185.5,10165,2933.455134,2795
BCS0060,M18,42979,1.014,185.5,10165,2932.180223,2795
BCS0060,M18,43009,1.014,185.5,10165,2930.950504,2795
BCS0060,M18,43040,1.014,185.5,10165,2929.683994,2795
BCS0060,M18,43070,1.014,185.5,10165,2928.462403,2795
BCS0060,M18,43101,1.014,185.5,10165,2927.204292,2795
BCS0060,M18,43132,1.014,185.5,10165,2925.950451,2795
BCS0060,M18,43160,1.014,185.5,10165,2924.821618,2795
BCS0060,M18,43191,1.014,185.5,10165,2923.5759,2795
BCS0060,M18,43221,1.014,185.5,10165,2922.374432,2795
BCS0060,M18,43252,1.014,185.5,10165,2921.137114,2795
BCS0060,M18,43282,1.014,185.5,10165,2919.943775,2795
BCS0060,M18,43313,1.014,185.5,10165,2918.714857,2795
BCS0060,M18,43344,1.014,185.5,10165,2917.490208,2795
BCS0060,M18,43374,1.014,185.5,10165,2916.309129,2795
BCS0060,M18,43405,1.014,185.5,10165,2915.09288,2795
BCS0060,M18,43435,1.014,185.5,10165,2913.919929,2795
BCS0060,M18,43466,1.014,185.5,10165,2912.712079,2795
BCS0060,M18,43497,1.014,185.5,10165,2911.508499,2795
BCS0060,M18,43525,1.014,185.5,10165,2910.425063,2795
BCS0060,M18,43556,1.014,185.5,10165,2909.229607,2795
BCS0060,M18,43586,1.014,185.5,10165,2908.076779,2795
BCS0060,M18,43617,1.014,185.5,10165,2906.889722,2795
BCS0060,M18,43647,1.014,185.5,10165,2905.745023,2795
BCS0060,M18,43678,1.014,185.5,10165,2904.566366,2795
BCS0060,M18,43709,1.014,185.5,10165,2903.391979,2795
BCS0060,M18,43739,1.014,185.5,10165,2902.259539,2795
BCS0060,M18,43770,1.014,185.5,10165,2901.093551,2795
BCS0060,M18,43800,1.014,185.5,10165,2899.96924,2795
BCS0060,M18,43831,1.014,185.5,10165,2898.811652,2795
BCS0060,M18,43862,1.014,185.5,10165,2897.658333,2795
BCS0060,M18,43891,1.014,185.5,10165,2896.583286,2795
BCS0063,M18,42095,1.073,295,9523,2970.210475,2715
BCS0063,M18,42125,1.073,295,9523,2968.862953,2715
BCS0063,M18,42156,1.073,295,9523,2967.474714,2715
BCS0063,M18,42186,1.073,295,9523,2966.135322,2715
BCS0063,M18,42217,1.073,295,9523,2964.755483,2715
BCS0063,M18,42248,1.073,295,9523,2963.379912,2715
BCS0063,M18,42278,1.073,295,9523,2962.05278,2715
BCS0063,M18,42309,1.073,295,9523,2960.685609,2715
BCS0063,M18,42339,1.073,295,9523,2959.366606,2715
BCS0063,M18,42370,1.073,295,9523,2958.007835,2715
BCS0063,M18,42401,1.073,295,9523,2956.653333,2715
BCS0063,M18,42430,1.073,295,9523,2955.390083,2715
BCS0063,M18,42461,1.073,295,9523,2954.043843,2715
BCS0063,M18,42491,1.073,295,9523,2952.745095,2715
BCS0063,M18,42522,1.073,295,9523,2951.407255,2715
BCS0063,M18,42552,1.073,295,9523,2950.116636,2715
BCS0063,M18,42583,1.073,295,9523,2948.787195,2715
BCS0063,M18,42614,1.073,295,9523,2947.462024,2715
BCS0063,M18,42644,1.073,295,9523,2946.183665,2715
BCS0063,M18,42675,1.073,295,9523,2944.866893,2715
BCS0063,M18,42705,1.073,295,9523,2943.596663,2715
BCS0063,M18,42736,1.073,295,9523,2942.288291,2715
BCS0063,M18,42767,1.073,295,9523,2940.984188,2715
BCS0063,M18,42795,1.073,295,9523,2939.809958,2715
BCS0063,M18,42826,1.073,295,9523,2938.513979,2715
BCS0063,M18,42856,1.073,295,9523,2937.263871,2715
BCS0063,M18,42887,1.073,295,9523,2935.976292,2715
BCS0063,M18,42917,1.073,295,9523,2934.734312,2715
BCS0063,M18,42948,1.073,295,9523,2933.455134,2715
BCS0063,M18,42979,1.073,295,9523,2932.180223,2715
BCS0063,M18,43009,1.073,295,9523,2930.950504,2715
BCS0063,M18,43040,1.073,295,9523,2929.683994,2715
BCS0063,M18,43070,1.073,295,9523,2928.462403,2715
BCS0063,M18,43101,1.073,295,9523,2927.204292,2715
BCS0063,M18,43132,1.073,295,9523,2925.950451,2715
BCS0063,M18,43160,1.073,295,9523,2924.821618,2715
BCS0063,M18,43191,1.073,295,9523,2923.5759,2715
BCS0063,M18,43221,1.073,295,9523,2922.374432,2715
BCS0063,M18,43252,1.073,295,9523,2921.137114,2715
BCS0063,M18,43282,1.073,295,9523,2919.943775,2715
BCS0063,M18,43313,1.073,295,9523,2918.714857,2715
BCS0063,M18,43344,1.073,295,9523,2917.490208,2715
BCS0063,M18,43374,1.073,295,9523,2916.309129,2715
BCS0063,M18,43405,1.073,295,9523,2915.09288,2715
BCS0063,M18,43435,1.073,295,9523,2913.919929,2715
BCS0063,M18,43466,1.073,295,9523,2912.712079,2715
BCS0063,M18,43497,1.073,295,9523,2911.508499,2715
BCS0063,M18,43525,1.073,295,9523,2910.425063,2715
BCS0063,M18,43556,1.073,295,9523,2909.229607,2715
BCS0063,M18,43586,1.073,295,9523,2908.076779,2715
BCS0063,M18,43617,1.073,295,9523,2906.889722,2715
BCS0063,M18,43647,1.073,295,9523,2905.745023,2715
BCS0063,M18,43678,1.073,295,9523,2904.566366,2715
BCS0063,M18,43709,1.073,295,9523,2903.391979,2715
BCS0063,M18,43739,1.073,295,9523,2902.259539,2715
BCS0063,M18,43770,1.073,295,9523,2901.093551,2715
BCS0063,M18,43800,1.073,295,9523,2899.96924,2715
BCS0063,M18,43831,1.073,295,9523,2898.811652,2715
BCS0063,M18,43862,1.073,295,9523,2897.658333,2715
BCS0063,M18,43891,1.073,295,9523,2896.583286,2715
BCS0064,M18,42095,1.137,294,9047,2970.210475,2595
BCS0064,M18,42125,1.137,294,9047,2968.862953,2595
BCS0064,M18,42156,1.137,294,9047,2967.474714,2595
BCS0064,M18,42186,1.137,294,9047,2966.135322,2595
BCS0064,M18,42217,1.137,294,9047,2964.755483,2595
BCS0064,M18,42248,1.137,294,9047,2963.379912,2595
BCS0064,M18,42278,1.137,294,9047,2962.05278,2595
BCS0064,M18,42309,1.137,294,9047,2960.685609,2595
BCS0064,M18,42339,1.137,294,9047,2959.366606,2595
BCS0064,M18,42370,1.137,294,9047,2958.007835,2595
BCS0064,M18,42401,1.137,294,9047,2956.653333,2595
BCS0064,M18,42430,1.137,294,9047,2955.390083,2595
BCS0064,M18,42461,1.137,294,9047,2954.043843,2595
BCS0064,M18,42491,1.137,294,9047,2952.745095,2595
BCS0064,M18,42522,1.137,294,9047,2951.407255,2595
BCS0064,M18,42552,1.137,294,9047,2950.116636,2595
BCS0064,M18,42583,1.137,294,9047,2948.787195,2595
BCS0064,M18,42614,1.137,294,9047,2947.462024,2595
BCS0064,M18,42644,1.137,294,9047,2946.183665,2595
BCS0064,M18,42675,1.137,294,9047,2944.866893,2595
BCS0064,M18,42705,1.137,294,9047,2943.596663,2595
BCS0064,M18,42736,1.137,294,9047,2942.288291,2595
BCS0064,M18,42767,1.137,294,9047,2940.984188,2595
BCS0064,M18,42795,1.137,294,9047,2939.809958,2595
BCS0064,M18,42826,1.137,294,9047,2938.513979,2595
BCS0064,M18,42856,1.137,294,9047,2937.263871,2595
BCS0064,M18,42887,1.137,294,9047,2935.976292,2595
BCS0064,M18,42917,1.137,294,9047,2934.734312,2595
BCS0064,M18,42948,1.137,294,9047,2933.455134,2595
BCS0064,M18,42979,1.137,294,9047,2932.180223,2595
BCS0064,M18,43009,1.137,294,9047,2930.950504,2595
BCS0064,M18,43040,1.137,294,9047,2929.683994,2595
BCS0064,M18,43070,1.137,294,9047,2928.462403,2595
BCS0064,M18,43101,1.137,294,9047,2927.204292,2595
BCS0064,M18,43132,1.137,294,9047,2925.950451,2595
BCS0064,M18,43160,1.137,294,9047,2924.821618,2595
BCS0064,M18,43191,1.137,294,9047,2923.5759,2595
BCS0064,M18,43221,1.137,294,9047,2922.374432,2595
BCS0064,M18,43252,1.137,294,9047,2921.137114,2595
BCS0064,M18,43282,1.137,294,9047,2919.943775,2595
BCS0064,M18,43313,1.137,294,9047,2918.714857,2595
BCS0064,M18,43344,1.137,294,9047,2917.490208,2595
BCS0064,M18,43374,1.137,294,9047,2916.309129,2595
BCS0064,M18,43405,1.137,294,9047,2915.09288,2595
BCS0064,M18,43435,1.137,294,9047,2913.919929,2595
BCS0064,M18,43466,1.137,294,9047,2912.712079,2595
BCS0064,M18,43497,1.137,294,9047,2911.508499,2595
BCS0064,M18,43525,1.137,294,9047,2910.425063,2595
BCS0064,M18,43556,1.137,294,9047,2909.229607,2595
BCS0064,M18,43586,1.137,294,9047,2908.076779,2595
BCS0064,M18,43617,1.137,294,9047,2906.889722,2595
BCS0064,M18,43647,1.137,294,9047,2905.745023,2595
BCS0064,M18,43678,1.137,294,9047,2904.566366,2595
BCS0064,M18,43709,1.137,294,9047,2903.391979,2595
BCS0064,M18,43739,1.137,294,9047,2902.259539,2595
BCS0064,M18,43770,1.137,294,9047,2901.093551,2595
BCS0064,M18,43800,1.137,294,9047,2899.96924,2595
BCS0064,M18,43831,1.137,294,9047,2898.811652,2595
BCS0064,M18,43862,1.137,294,9047,2897.658333,2595
BCS0064,M18,43891,1.137,294,9047,2896.583286,2595
BCS0066,P21,42095,2.776,31,8161,1601.806677,605
BCS0066,P21,42125,2.776,31,8161,1601.133195,605
BCS0066,P21,42156,2.776,31,8161,1600.502328,605
BCS0066,P21,42186,2.776,31,8161,1599.872018,605
BCS0066,P21,42217,2.776,31,8161,1599.263648,605
BCS0066,P21,42248,2.776,31,8161,1598.695792,605
BCS0066,P21,42278,2.776,31,8161,1598.130593,605
BCS0066,P21,42309,2.776,31,8161,1597.604515,605
BCS0066,P21,42339,2.776,31,8161,1597.082488,605
BCS0066,P21,42370,2.776,31,8161,1596.5824,605
BCS0066,P21,42401,2.776,31,8161,1596.134438,605
BCS0066,P21,42430,2.776,31,8161,1595.676814,605
BCS0066,P21,42461,2.776,31,8161,1595.254842,605
BCS0066,P21,42491,2.776,31,8161,1594.840389,605
BCS0066,P21,42522,2.776,31,8161,1594.460195,605
BCS0066,P21,42552,2.776,31,8161,1594.088914,605
BCS0066,P21,42583,2.776,31,8161,1593.739573,605
BCS0066,P21,42614,2.776,31,8161,1593.42239,605
BCS0066,P21,42644,2.776,31,8161,1593.116221,605
BCS0066,P21,42675,2.776,31,8161,1592.840817,605
BCS0066,P21,42705,2.776,31,8161,1592.577818,605
BCS0066,P21,42736,2.776,31,8161,1592.33676,605
BCS0066,P21,42767,2.776,31,8161,1592.137887,605
BCS0066,P21,42795,2.776,31,8161,1591.938584,605
BCS0066,P21,42826,2.776,31,8161,1591.7666,605
BCS0066,P21,42856,2.776,31,8161,1591.610469,605
BCS0066,P21,42887,2.776,31,8161,1591.480264,605
BCS0066,P21,42917,2.776,31,8161,1591.367305,605
BCS0066,P21,42948,2.776,31,8161,1591.276285,605
BCS0066,P21,42979,2.776,31,8161,1591.209091,605
BCS0066,P21,43009,2.776,31,8161,1591.161242,605
BCS0066,P21,43040,2.776,31,8161,1591.135827,605
BCS0066,P21,43070,2.776,31,8161,1591.13115,605
BCS0066,P21,43101,2.776,31,8161,1591.148413,605
BCS0066,P21,43132,2.776,31,8161,1591.182863,605
BCS0066,P21,43160,2.776,31,8161,1591.241881,605
BCS0066,P21,43191,2.776,31,8161,1591.319886,605
BCS0066,P21,43221,2.776,31,8161,1591.422076,605
BCS0066,P21,43252,2.776,31,8161,1591.54186,605
BCS0066,P21,43282,2.776,31,8161,1591.687222,605
BCS0066,P21,43313,2.776,31,8161,1591.854523,605
BCS0066,P21,43344,2.776,31,8161,1592.037318,605
BCS0066,P21,43374,2.776,31,8161,1592.247791,605
BCS0066,P21,43405,2.776,31,8161,1592.472364,605
BCS0066,P21,43435,2.776,31,8161,1592.726008,605
BCS0066,P21,43466,2.776,31,8161,1593.001593,605
BCS0066,P21,43497,2.776,31,8161,1593.269365,605
BCS0066,P21,43525,2.776,31,8161,1593.586705,605
BCS0066,P21,43556,2.776,31,8161,1593.914698,605
BCS0066,P21,43586,2.776,31,8161,1594.27521,605
BCS0066,P21,43617,2.776,31,8161,1594.644982,605
BCS0066,P21,43647,2.776,31,8161,1595.048666,605
BCS0066,P21,43678,2.776,31,8161,1595.474289,605
BCS0066,P21,43709,2.776,31,8161,1595.907071,605
BCS0066,P21,43739,2.776,31,8161,1596.375866,605
BCS0066,P21,43770,2.776,31,8161,1596.850427,605
BCS0066,P21,43800,2.776,31,8161,1597.362394,605
BCS0066,P21,43831,2.776,31,8161,1597.896299,605
BCS0066,P21,43862,2.776,31,8161,1598.415622,605
BCS0066,P21,43891,2.776,31,8161,1598.991991,605
BCS0066,P21,43922,2.776,31,8161,1599.570657,605
BCS0069,P39,42095,6.644,156.8,10370,3576.421338,3559
BCS0069,P39,42125,6.644,156.8,10370,3574.685611,3558
BCS0069,P39,42156,6.644,156.8,10370,3572.894209,3556
BCS0069,P39,42186,6.644,156.8,10370,3571.162701,3554
BCS0069,P39,42217,6.644,156.8,10370,3569.37565,3552
BCS0069,P39,42248,6.644,156.8,10370,3567.590804,3551
BCS0069,P39,42278,6.644,156.8,10370,3565.86563,3549
BCS0069,P39,42309,6.644,156.8,10370,3564.08511,3547
BCS0069,P39,42339,6.644,156.8,10370,3562.364114,3545
BCS0069,P39,42370,6.644,156.8,10370,3560.587904,3544
BCS0069,P39,42401,6.644,156.8,10370,3558.813878,3542
BCS0069,P39,42430,6.644,156.8,10370,3557.156278,3540
BCS0069,P39,42461,6.644,156.8,10370,3555.386466,3538
BCS0069,P39,42491,6.644,156.8,10370,3553.675813,3537
BCS0069,P39,42522,6.644,156.8,10370,3551.910269,3535
BCS0069,P39,42552,6.644,156.8,10370,3550.203738,3533
BCS0069,P39,42583,6.644,156.8,10370,3548.442447,3531
BCS0069,P39,42614,6.644,156.8,10370,3546.68331,3530
BCS0069,P39,42644,6.644,156.8,10370,3544.982967,3528
BCS0069,P39,42675,6.644,156.8,10370,3543.228057,3526
BCS0069,P39,42705,6.644,156.8,10370,3541.531798,3525
BCS0069,P39,42736,6.644,156.8,10370,3539.781099,3523
BCS0069,P39,42767,6.644,156.8,10370,3538.032535,3521
BCS0069,P39,42795,6.644,156.8,10370,3536.455017,3519
BCS0069,P39,42826,6.644,156.8,10370,3534.710503,3518
BCS0069,P39,42856,6.644,156.8,10370,3533.024284,3516
BCS0069,P39,42887,6.644,156.8,10370,3531.283941,3514
BCS0069,P39,42917,6.644,156.8,10370,3529.601751,3513
BCS0069,P39,42948,6.644,156.8,10370,3527.865564,3511
BCS0069,P39,42979,6.644,156.8,10370,3526.131483,3509
BCS0069,P39,43009,6.644,156.8,10370,3524.455341,3507
BCS0069,P39,43040,6.644,156.8,10370,3522.725391,3506
BCS0069,P39,43070,6.644,156.8,10370,3521.05324,3504
BCS0069,P39,43101,6.644,156.8,10370,3519.327407,3502
BCS0069,P39,43132,6.644,156.8,10370,3517.603659,3501
BCS0069,P39,43160,6.644,156.8,10370,3516.048516,3499
BCS0069,P39,43191,6.644,156.8,10370,3514.328727,3497
BCS0069,P39,43221,6.644,156.8,10370,3512.66639,3496
BCS0069,P39,43252,6.644,156.8,10370,3510.950679,3494
BCS0069,P39,43282,6.644,156.8,10370,3509.292281,3492
BCS0069,P39,43313,6.644,156.8,10370,3507.580633,3491
BCS0069,P39,43344,6.644,156.8,10370,3505.871043,3489
BCS0069,P39,43374,6.644,156.8,10370,3504.218557,3487
BCS0069,P39,43405,6.644,156.8,10370,3502.513006,3486
BCS0069,P39,43435,6.644,156.8,10370,3500.864422,3484
BCS0069,P39,43466,6.644,156.8,10370,3499.162895,3482
BCS0069,P39,43497,6.644,156.8,10370,3497.463408,3480
BCS0069,P39,43525,6.644,156.8,10370,3495.930136,3479
BCS0069,P39,43556,6.644,156.8,10370,3494.234519,3477
BCS0069,P39,43586,6.644,156.8,10370,3492.59553,3476
BCS0069,P39,43617,6.644,156.8,10370,3490.903899,3474
BCS0069,P39,43647,6.644,156.8,10370,3489.268761,3472
BCS0069,P39,43678,6.644,156.8,10370,3487.581102,3471
BCS0069,P39,43709,6.644,156.8,10370,3485.895457,3469
BCS0069,P39,43739,6.644,156.8,10370,3484.266099,3467
BCS0069,P39,43770,6.644,156.8,10370,3482.584403,3466
BCS0069,P39,43800,6.644,156.8,10370,3480.95886,3464
BCS0069,P39,43831,6.644,156.8,10370,3479.281099,3462
BCS0069,P39,43862,6.644,156.8,10370,3477.605331,3461
BCS0069,P39,43891,6.644,156.8,10370,3476.039479,3459
BCS0070,M18,42095,1.24,77,9357,2970.210475,695
BCS0070,M18,42125,1.24,77,9357,2968.862953,695
BCS0070,M18,42156,1.24,77,9357,2967.474714,695
BCS0070,M18,42186,1.24,77,9357,2966.135322,695
BCS0070,M18,42217,1.24,77,9357,2964.755483,695
BCS0070,M18,42248,1.24,77,9357,2963.379912,695
BCS0070,M18,42278,1.24,77,9357,2962.05278,695
BCS0070,M18,42309,1.24,77,9357,2960.685609,695
BCS0070,M18,42339,1.24,77,9357,2959.366606,695
BCS0070,M18,42370,1.24,77,9357,2958.007835,695
BCS0070,M18,42401,1.24,77,9357,2956.653333,695
BCS0070,M18,42430,1.24,77,9357,2955.390083,695
BCS0070,M18,42461,1.24,77,9357,2954.043843,695
BCS0070,M18,42491,1.24,77,9357,2952.745095,695
BCS0070,M18,42522,1.24,77,9357,2951.407255,695
BCS0070,M18,42552,1.24,77,9357,2950.116636,695
BCS0070,M18,42583,1.24,77,9357,2948.787195,695
BCS0070,M18,42614,1.24,77,9357,2947.462024,695
BCS0070,M18,42644,1.24,77,9357,2946.183665,695
BCS0070,M18,42675,1.24,77,9357,2944.866893,695
BCS0070,M18,42705,1.24,77,9357,2943.596663,695
BCS0070,M18,42736,1.24,77,9357,2942.288291,695
BCS0070,M18,42767,1.24,77,9357,2940.984188,695
BCS0070,M18,42795,1.24,77,9357,2939.809958,695
BCS0070,M18,42826,1.24,77,9357,2938.513979,695
BCS0070,M18,42856,1.24,77,9357,2937.263871,695
BCS0070,M18,42887,1.24,77,9357,2935.976292,695
BCS0070,M18,42917,1.24,77,9357,2934.734312,695
BCS0070,M18,42948,1.24,77,9357,2933.455134,695
BCS0070,M18,42979,1.24,77,9357,2932.180223,695
BCS0070,M18,43009,1.24,77,9357,2930.950504,695
BCS0070,M18,43040,1.24,77,9357,2929.683994,695
BCS0070,M18,43070,1.24,77,9357,2928.462403,695
BCS0070,M18,43101,1.24,77,9357,2927.204292,695
BCS0070,M18,43132,1.24,77,9357,2925.950451,695
BCS0070,M18,43160,1.24,77,9357,2924.821618,695
BCS0070,M18,43191,1.24,77,9357,2923.5759,695
BCS0070,M18,43221,1.24,77,9357,2922.374432,695
BCS0070,M18,43252,1.24,77,9357,2921.137114,695
BCS0070,M18,43282,1.24,77,9357,2919.943775,695
BCS0070,M18,43313,1.24,77,9357,2918.714857,695
BCS0070,M18,43344,1.24,77,9357,2917.490208,695
BCS0070,M18,43374,1.24,77,9357,2916.309129,695
BCS0070,M18,43405,1.24,77,9357,2915.09288,695
BCS0070,M18,43435,1.24,77,9357,2913.919929,695
BCS0070,M18,43466,1.24,77,9357,2912.712079,695
BCS0070,M18,43497,1.24,77,9357,2911.508499,695
BCS0070,M18,43525,1.24,77,9357,2910.425063,695
BCS0070,M18,43556,1.24,77,9357,2909.229607,695
BCS0070,M18,43586,1.24,77,9357,2908.076779,695
BCS0070,M18,43617,1.24,77,9357,2906.889722,695
BCS0070,M18,43647,1.24,77,9357,2905.745023,695
BCS0070,M18,43678,1.24,77,9357,2904.566366,695
BCS0070,M18,43709,1.24,77,9357,2903.391979,695
BCS0070,M18,43739,1.24,77,9357,2902.259539,695
BCS0070,M18,43770,1.24,77,9357,2901.093551,695
BCS0070,M18,43800,1.24,77,9357,2899.96924,695
BCS0070,M18,43831,1.24,77,9357,2898.811652,695
BCS0070,M18,43862,1.24,77,9357,2897.658333,695
BCS0070,M18,43891,1.24,77,9357,2896.583286,695
